"x","q","t","reference","surrogate","value_error","grad_error","hess_error","region","q_low_cut","t_high_cut"
-3.75,0.25,0.1,0.0449727947973466,0.0485400677022638,0.00356727290491721,0.0427729192199311,1.23979809804761,"low_separation",5,1.875
-2.5,0.25,0.1,0.0220527995045417,0.0240609609267108,0.00200816142216904,0.0198767663069405,0.611092050116225,"low_separation",5,1.875
-1.25,0.25,0.1,0.00408604423294028,0.0112814023293197,0.00719535809637947,0.0647089601071622,2.15529369877308,"low_separation",5,1.875
0,0.25,0.1,0.000166536002700106,0.000493762094910387,0.000327226092210282,0.00623796388618024,0.125552160798246,"low_separation",5,1.875
1.25,0.25,0.1,0.00591545063878725,0.00578535357637153,0.000130097062415728,0.00326909287500137,0.040950943629644,"low_separation",5,1.875
2.5,0.25,0.1,0.0105860286987166,0.0106548715962764,6.8842897559776e-05,0.00319556601573329,0.032804529570881,"low_separation",5,1.875
3.75,0.25,0.1,0.0124520278227663,0.0133862603811058,0.000934232558339479,0.00683407406586906,0.248020341268511,"low_separation",5,1.875
-3.75,5.15,0.1,0.0394840286651182,0.0362215773751662,0.00326245128995206,0.032820703070174,0.910030359501808,"transition",5,1.875
-2.5,5.15,0.1,0.0154252733297098,0.0152329817827046,0.000192291547005109,0.00322626032703869,0.0661143632015543,"transition",5,1.875
-1.25,5.15,0.1,-0.00186975837128388,-0.00180774724814117,6.20111231427109e-05,0.000850725248118379,0.0201075490288723,"transition",5,1.875
0,5.15,0.1,-0.00432907849031881,-0.00457824206468054,0.000249163574361722,0.00236997720551481,0.0747829471234874,"transition",5,1.875
1.25,5.15,0.1,0.00271936489821562,0.00299034438791652,0.000270979489700893,0.00299408120349437,0.0847948435038694,"transition",5,1.875
2.5,5.15,0.1,0.00906273205798596,0.00902101507628121,4.17169817047477e-05,0.000619365091623218,0.017507186782253,"transition",5,1.875
3.75,5.15,0.1,0.0119244287633499,0.0119943106894168,6.9881926066849e-05,9.42314269708624e-05,0.00423613420288911,"transition",5,1.875
-3.75,10.05,0.1,0.0341011217439054,0.0341039599485544,2.83820464903883e-06,0.00232951621018768,0.0649712986546597,"interior_stable",5,1.875
-2.5,10.05,0.1,0.00939925071385517,0.00895914460601575,0.000440106107839422,0.00410638878877016,0.128240094094752,"interior_stable",5,1.875
-1.25,10.05,0.1,-0.00671947786293419,-0.00675018497608185,3.07071131476558e-05,0.000515781130381162,0.00975012250642807,"interior_stable",5,1.875
0,10.05,0.1,-0.00794782243344026,-0.00827177596686124,0.000323953533420972,0.00303113686763631,0.0962750306630115,"interior_stable",5,1.875
1.25,10.05,0.1,-0.000193704552040541,-0.000147837050875434,4.58675011651069e-05,0.000623559232985166,0.0119577263749454,"interior_stable",5,1.875
2.5,10.05,0.1,0.00744436313266264,0.00748717309267691,4.28099600142699e-05,0.000561970795804591,0.0124767584612997,"interior_stable",5,1.875
3.75,10.05,0.1,0.0113146541892098,0.0113983434951436,8.36893059337936e-05,0.000912233263828181,0.0234895442526216,"interior_stable",5,1.875
-3.75,14.95,0.1,0.028858149767035,0.0266887682072162,0.00216938155981883,0.0218274411773526,0.607045443669156,"interior_stable",5,1.875
-2.5,14.95,0.1,0.00397675102892228,0.00316377930083351,0.000812971728088772,0.00755667202949109,0.244930797894368,"interior_stable",5,1.875
-1.25,14.95,0.1,-0.010694693172916,-0.0106454978645029,4.91953084130973e-05,0.000414520008601388,0.0195095939134674,"interior_stable",5,1.875
0,14.95,0.1,-0.0109251471289144,-0.0110879676007962,0.000162820471881832,0.00156982893566315,0.0477669256816527,"interior_stable",5,1.875
1.25,14.95,0.1,-0.00283434831527849,-0.00286392736507667,2.95790497981756e-05,0.00045263936620713,0.0153776809033381,"interior_stable",5,1.875
2.5,14.95,0.1,0.00576409009599103,0.00577989261123979,1.58025152487635e-05,0.000378419894254548,0.00700855544537526,"interior_stable",5,1.875
3.75,14.95,0.1,0.0106231409372035,0.0106840275031876,6.08865659840752e-05,0.00121951834268155,0.0260572619524107,"interior_stable",5,1.875
-3.75,19.85,0.1,0.0237871826392921,0.0221087265621852,0.00167845607710692,0.0172105872029829,0.475652990760724,"interior_stable",5,1.875
-2.5,19.85,0.1,-0.00086085450408422,-0.00120907519272419,0.000348220688639971,0.00340593567849768,0.107555606509678,"interior_stable",5,1.875
-1.25,19.85,0.1,-0.0139791613253265,-0.0139048827962004,7.42785291260924e-05,0.000774589498597225,0.0287275868322189,"interior_stable",5,1.875
0,19.85,0.1,-0.013419112164838,-0.0134987301515741,7.96179867361031e-05,0.00078342074633369,0.0231803473515906,"interior_stable",5,1.875
1.25,19.85,0.1,-0.00522308213784071,-0.00523806321626289,1.49810784221749e-05,0.000375131420460139,0.0109820086028348,"interior_stable",5,1.875
2.5,19.85,0.1,0.00405267367479514,0.00401644168199958,3.62319927955553e-05,9.0102565084079e-05,0.00928280756840367,"interior_stable",5,1.875
3.75,19.85,0.1,0.0098522228532153,0.00989425103781773,4.20281846024231e-05,0.00126935398929576,0.0242030553673851,"interior_stable",5,1.875
-3.75,24.75,0.1,0.018917065227959,0.0173054591451101,0.00161160608284881,0.0165237624757971,0.469071777466809,"interior_stable",5,1.875
-2.5,24.75,0.1,-0.0051472669490253,-0.00534987207366262,0.000202605124637316,0.00213300174000318,0.0654854956382003,"interior_stable",5,1.875
-1.25,24.75,0.1,-0.0167162735872374,-0.0166018496208421,0.000114423966395317,0.00119291678270563,0.0407893246297231,"interior_stable",5,1.875
0,24.75,0.1,-0.0155397331677912,-0.015534049232118,5.68393567317894e-06,6.85178635345507e-05,0.00329189496110846,"interior_stable",5,1.875
1.25,24.75,0.1,-0.00738405527787095,-0.00735988743153672,2.41678463342269e-05,8.2742763568704e-05,0.00282013207442382,"interior_stable",5,1.875
2.5,24.75,0.1,0.00233694019539263,0.00226868738805249,6.82528073401431e-05,0.000393559359435987,0.0185110650901229,"interior_stable",5,1.875
3.75,24.75,0.1,0.00900608939701985,0.00903600496245972,2.99155654398704e-05,0.00116253853885136,0.0205537413839479,"interior_stable",5,1.875
-3.75,0.25,0.56,0.88989174368243,0.896456929253494,0.00656518557106422,0.0566333089076128,0.587171764591693,"low_separation",5,1.875
-2.5,0.25,0.56,0.479551943185493,0.481881446193612,0.00232950300811913,0.0155167253594934,0.207087347585191,"low_separation",5,1.875
-1.25,0.25,0.56,0.131098810708953,0.14031050736919,0.00921169666023636,0.0527680861988495,0.651588518285406,"low_separation",5,1.875
0,0.25,0.56,0.0208427506323123,0.0217535092358161,0.000910758603503752,0.0125497741530245,0.0673013791238145,"low_separation",5,1.875
1.25,0.25,0.56,0.153843590859454,0.152992125674071,0.000851465185383066,0.00863716789790067,0.0395914838618507,"low_separation",5,1.875
2.5,0.25,0.56,0.292116788599083,0.292624144965361,0.000507356366277689,0.00991416241649786,0.0425884620941005,"low_separation",5,1.875
3.75,0.25,0.56,0.35280027663112,0.355731087067889,0.00293081043676874,0.00982408636430375,0.152567638643193,"low_separation",5,1.875
-3.75,5.15,0.56,0.761509386789913,0.758866500331919,0.00264288645799393,0.0148051674894559,0.22293017261782,"transition",5,1.875
-2.5,5.15,0.56,0.303306803189504,0.30332946116253,2.26579730257526e-05,0.00240623108411414,0.031574175299423,"transition",5,1.875
-1.25,5.15,0.56,-0.0638225712465188,-0.0635578266567625,0.000264744589756269,0.000946069616221091,0.016705123539905,"transition",5,1.875
0,5.15,0.56,-0.13953105550001,-0.139758913881057,0.000227858381047136,0.0022784892303602,0.019900665623098,"transition",5,1.875
1.25,5.15,0.56,0.0465619393325949,0.0464531220412953,0.00010881729129962,0.00296121267887821,0.0160484860828862,"transition",5,1.875
2.5,5.15,0.56,0.241123120882208,0.241320040769307,0.000196919887098607,0.00390005296544396,0.0143415152355561,"transition",5,1.875
3.75,5.15,0.56,0.334968968456538,0.336159176412859,0.00119020795632052,0.00345967395602191,0.0496886969421611,"transition",5,1.875
-3.75,10.05,0.56,0.63532959948644,0.63643864781604,0.00110904832959957,0.0122102836604786,0.0879631201634927,"interior_stable",5,1.875
-2.5,10.05,0.56,0.142537526918127,0.142206813788129,0.000330713129997773,0.00180069383032333,0.0273316292821972,"interior_stable",5,1.875
-1.25,10.05,0.56,-0.220047706234893,-0.21990737466834,0.000140331566553548,0.00114287423164761,0.00351960081607479,"interior_stable",5,1.875
0,10.05,0.56,-0.263300496358058,-0.263626289880754,0.00032579352269585,0.00189906482115023,0.0262422026133055,"interior_stable",5,1.875
1.25,10.05,0.56,-0.0490181916607499,-0.049088901459314,7.07097985640226e-05,0.000927560886922518,0.0048272134465857,"interior_stable",5,1.875
2.5,10.05,0.56,0.187457916440483,0.187532170420138,7.42539796541042e-05,0.000993160197841271,0.00631077466090748,"interior_stable",5,1.875
3.75,10.05,0.56,0.314429941872986,0.314779686161832,0.000349744288846821,0.00146475095338373,0.0162786035427756,"interior_stable",5,1.875
-3.75,14.95,0.56,0.512069490307828,0.510242840765451,0.00182664954237677,0.00682742115984884,0.119229568989604,"interior_stable",5,1.875
-2.5,14.95,0.56,-0.00267669627798073,-0.00356553208116424,0.000888835803183512,0.00439917523819514,0.0646381146180882,"interior_stable",5,1.875
-1.25,14.95,0.56,-0.346254535609629,-0.346103513609895,0.000151021999733492,0.00106635645180437,0.0101513559009904,"interior_stable",5,1.875
0,14.95,0.56,-0.361735202584282,-0.361866995424925,0.00013179284064313,0.000660983697226365,0.0121487771391082,"interior_stable",5,1.875
1.25,14.95,0.56,-0.133942947521375,-0.133895391320087,4.75562012883235e-05,0.000889280530696667,0.00612790682393134,"interior_stable",5,1.875
2.5,14.95,0.56,0.132285027374,0.13218232375362,0.000102703620380118,0.00125066643724578,0.00349440379399839,"interior_stable",5,1.875
3.75,14.95,0.56,0.291227272304996,0.290933435481644,0.000293836823351545,0.000543118183230395,0.0139887606496263,"interior_stable",5,1.875
-3.75,19.85,0.56,0.392417273705951,0.391166497157692,0.0012507765482595,0.00473421873763197,0.0860642948971023,"interior_stable",5,1.875
-2.5,19.85,0.56,-0.132747070998772,-0.133061345545835,0.000314274547063176,0.00154860075216537,0.0261207308987921,"interior_stable",5,1.875
-1.25,19.85,0.56,-0.449130600349378,-0.449050722382461,7.98779669169969e-05,0.00122985198142768,0.00963579935671655,"interior_stable",5,1.875
0,19.85,0.56,-0.441926529489232,-0.441980469867288,5.39403780561165e-05,0.00116303118212788,0.00547916725625127,"interior_stable",5,1.875
1.25,19.85,0.56,-0.209428300458822,-0.209270627570936,0.000157672887885735,0.00162645841091591,0.00563352286401325,"interior_stable",5,1.875
2.5,19.85,0.56,0.0766476026965404,0.0764264605004747,0.000221142196065699,0.0023032231492841,0.00882925056662723,"interior_stable",5,1.875
3.75,19.85,0.56,0.265471504621302,0.264837659065767,0.000633845555535528,0.00172731779641066,0.0271973692960718,"interior_stable",5,1.875
-3.75,24.75,0.56,0.277007745678964,0.275881173310958,0.00112657236800567,0.0054079855448924,0.0887084658978797,"interior_stable",5,1.875
-2.5,24.75,0.56,-0.24845634456691,-0.248606560608238,0.000150216041327922,0.00155509863287249,0.0162484669786048,"interior_stable",5,1.875
-1.25,24.75,0.56,-0.533783588151904,-0.533722822894035,6.07652578688e-05,0.00154550734616139,0.0118865688833458,"interior_stable",5,1.875
0,24.75,0.56,-0.508552726969943,-0.508523473572701,2.92533972414688e-05,0.00136037830784258,0.00271264139237665,"interior_stable",5,1.875
1.25,24.75,0.56,-0.276670005872786,-0.276458620998225,0.000211384874560405,0.00175125574034862,0.0055102475519843,"interior_stable",5,1.875
2.5,24.75,0.56,0.0214224304758837,0.021169628261126,0.000252802214757653,0.00236008631097116,0.010316742503419,"interior_stable",5,1.875
3.75,24.75,0.56,0.23733648489387,0.236618068683464,0.000718416210406303,0.00210215931082429,0.0298844015022381,"interior_stable",5,1.875
-3.75,0.25,1.02,1.69949239423322,1.69314193537594,0.00635045885728469,0.0690027857159847,0.605962897184823,"low_separation",5,1.875
-2.5,0.25,1.02,0.99384237572048,0.994692872457202,0.00085049673672255,0.0262867469974621,0.150482058616441,"low_separation",5,1.875
-1.25,0.25,1.02,0.404824075373922,0.389394801325172,0.0154292740487498,0.0243168543376706,0.794193152998739,"low_separation",5,1.875
0,0.25,1.02,0.154730880254823,0.151887684890197,0.00284319536462652,0.0202325792738142,0.137906228581331,"low_separation",5,1.875
1.25,0.25,1.02,0.370701390801861,0.371906628379246,0.00120523757738544,0.0106076817097971,0.0555907051857221,"low_separation",5,1.875
2.5,0.25,1.02,0.750982704244809,0.750717101719846,0.000265602524962438,0.00797310438059828,0.0566284083697646,"low_separation",5,1.875
3.75,0.25,1.02,0.966916342991041,0.965615410804578,0.00130093218646299,0.0119609375129942,0.0965628829217748,"low_separation",5,1.875
-3.75,5.15,1.02,1.30270448861863,1.30853475092756,0.00583026230892747,0.0187296603802654,0.251384267272042,"transition",5,1.875
-2.5,5.15,1.02,0.413055938086778,0.41312605930247,7.01212156916653e-05,0.00234368571504517,0.0210973537564418,"transition",5,1.875
-1.25,5.15,1.02,-0.323755848017201,-0.323924462006303,0.000168613989101951,0.000237793272041169,0.00574883155602666,"transition",5,1.875
0,5.15,1.02,-0.514495623026699,-0.514345349900835,0.000150273125863687,0.000218386622705163,0.00998411285538711,"transition",5,1.875
1.25,5.15,1.02,-0.0567658206662345,-0.057046217345445,0.000280396679210475,0.00113301290581583,0.0126015439409409,"transition",5,1.875
2.5,5.15,1.02,0.551174362844373,0.551445367598143,0.000271004753769954,0.00249908324211706,0.0160257532112773,"transition",5,1.875
3.75,5.15,1.02,0.895355902609875,0.896794253998175,0.00143835138829973,0.00268596452888865,0.0585281341200497,"transition",5,1.875
-3.75,10.05,1.02,0.929133559551707,0.925656149005109,0.00347741054659834,0.00750836461251809,0.177055637560745,"interior_stable",5,1.875
-2.5,10.05,1.02,-0.0846022480931961,-0.0848499558962856,0.000247707803089497,0.00128259037888632,0.0100023719756063,"interior_stable",5,1.875
-1.25,10.05,1.02,-0.86244556463982,-0.862421681270931,2.38833688891438e-05,0.000340538217730908,0.00459613198122937,"interior_stable",5,1.875
0,10.05,1.02,-0.981452718131152,-0.981117740815284,0.000334977315868734,0.00113055652340087,0.02016998575482,"interior_stable",5,1.875
1.25,10.05,1.02,-0.410772222746656,-0.410469479833177,0.000302742913479426,0.00239952170302219,0.0130503647891596,"interior_stable",5,1.875
2.5,10.05,1.02,0.347286626375805,0.347148443092111,0.000138183283693305,0.00197864889681534,0.0160575992463395,"interior_stable",5,1.875
3.75,10.05,1.02,0.813845555387175,0.813766407652619,7.91477345563063e-05,0.00327030565565854,0.00843698307989018,"interior_stable",5,1.875
-3.75,14.95,1.02,0.577908434032287,0.578398624343381,0.000490190311093985,0.00238965795871247,0.073196119661392,"interior_stable",5,1.875
-2.5,14.95,1.02,-0.512599439141137,-0.51179727058679,0.00080216855434756,0.00231619919596579,40.0886433035847,"interior_stable",5,1.875
-1.25,14.95,1.02,-1.27377183331674,-1.27393861694734,0.000166783630598744,0.000522925858836432,0.0113644491259802,"interior_stable",5,1.875
0,14.95,1.02,-1.32633369837788,-1.32627482852351,5.8869854366872e-05,0.00184580838459559,0.00642932077964813,"interior_stable",5,1.875
1.25,14.95,1.02,-0.707322627354615,-0.706809082666591,0.000513544688024226,0.00319165018977665,0.0129659648579845,"interior_stable",5,1.875
2.5,14.95,1.02,0.143982417094955,0.143689296290994,0.000293120803961766,0.00449593515138687,0.0139498351857371,"interior_stable",5,1.875
3.75,14.95,1.02,0.722911475850927,0.721610888360585,0.00130058749034123,0.00349469008905145,0.0541953418043882,"interior_stable",5,1.875
-3.75,19.85,1.02,0.248321146147425,0.247930853998773,0.000390292148651411,0.00204436440504122,0.0407716692520501,"interior_stable",5,1.875
-2.5,19.85,1.02,-0.881583949453309,-0.881573736566597,1.02128867125462e-05,0.00219680929741289,0.0093682931465889,"interior_stable",5,1.875
-1.25,19.85,1.02,-1.59540568106578,-1.59560938131704,0.000203700251266925,4.27413190553455e-05,0.0123126289256536,"interior_stable",5,1.875
0,19.85,1.02,-1.59167860715577,-1.59167400491689,4.60223888354427e-06,0.00156791248606873,0.00250297638938359,"interior_stable",5,1.875
1.25,19.85,1.02,-0.958557827705933,-0.958130593511479,0.000427234194454451,0.00279809901207441,0.00712696059777551,"interior_stable",5,1.875
2.5,19.85,1.02,-0.0550402925379863,-0.055301280751905,0.000260988213918761,0.00488609847633305,0.00955083130334373,"interior_stable",5,1.875
3.75,19.85,1.02,0.623351837112268,0.621605379838598,0.00174645727367018,0.00262111376240421,0.0723407129027172,"interior_stable",5,1.875
-3.75,24.75,1.02,-0.0602619733788545,-0.060279836924337,1.78635454824647e-05,0.00211655761467523,0.0455819183801379,"interior_stable",5,1.875
-2.5,24.75,1.02,-1.20023357719869,-1.20021744408664,1.61331120447361e-05,0.00179379328676087,0.00851921706378822,"interior_stable",5,1.875
-1.25,24.75,1.02,-1.85168476642133,-1.85196153641589,0.000276769994565829,0.000324488489797175,0.0148859300290761,"interior_stable",5,1.875
0,24.75,1.02,-1.80229834094989,-1.80237682371104,7.84827611499672e-05,0.00132388672027058,0.00592043539140595,"interior_stable",5,1.875
1.25,24.75,1.02,-1.17367222345489,-1.17340846740988,0.000263756045006724,0.00210963413636655,0.00469657108149779,"interior_stable",5,1.875
2.5,24.75,1.02,-0.247071359065569,-0.247247183220271,0.000175824154701854,0.00411835322145775,0.00722779566101769,"interior_stable",5,1.875
3.75,24.75,1.02,0.516197988136452,0.514560489571387,0.00163749856506512,0.0015053738622592,0.0688127671793491,"interior_stable",5,1.875
-3.75,0.25,1.48,2.17430247881351,2.18575297300373,0.0114504941902198,0.26787060916621,1.93857761461491,"low_separation",5,1.875
-2.5,0.25,1.48,1.3354848389169,1.31519817635457,0.0202866625623284,0.191391989568127,1.41851620905971,"low_separation",5,1.875
-1.25,0.25,1.48,0.691877143373993,0.710605760018989,0.0187286166449968,0.106692633967786,1.31108886983326,"low_separation",5,1.875
0,0.25,1.48,0.400688756978353,0.408521657020309,0.0078329000419568,0.0265225249048571,0.265013669561509,"low_separation",5,1.875
1.25,0.25,1.48,0.608512995973677,0.606572722797069,0.00194027317660794,0.0117996871029642,0.0999875420991215,"low_separation",5,1.875
2.5,0.25,1.48,1.15158392347546,1.15206929602028,0.000485372544820839,0.0105893719811828,0.0759055260609186,"low_separation",5,1.875
3.75,0.25,1.48,1.61191384942856,1.61419906304045,0.00228521361188916,0.014157122633016,0.118813581199132,"low_separation",5,1.875
-3.75,5.15,1.48,1.2544623388741,1.24390086539088,0.0105614734832129,0.0502956564425192,0.832311629964384,"transition",5,1.875
-2.5,5.15,1.48,-0.02725475394484,-0.0323495936594176,0.00509483971457764,0.0491489555429836,0.320626431513542,"transition",5,1.875
-1.25,5.15,1.48,-1.11076322385667,-1.11115035466277,0.000387130806101199,0.00347928098801698,0.086947055225484,"transition",5,1.875
0,5.15,1.48,-1.36774309165183,-1.36764032391388,0.000102767737952592,0.0010337422232495,0.00828465180753262,"transition",5,1.875
1.25,5.15,1.48,-0.572985168365665,-0.573048651388791,6.34830231267536e-05,0.00142110468031145,0.0109452049624827,"transition",5,1.875
2.5,5.15,1.48,0.603984655041454,0.604138067252926,0.000153412211472359,0.00268436288885805,0.0181490143277771,"transition",5,1.875
3.75,5.15,1.48,1.41027503434785,1.41124300842368,0.000967974075822386,0.00398631895097598,0.0512120045287709,"transition",5,1.875
-3.75,10.05,1.48,0.45791716770263,0.461006132540773,0.00308896483814369,0.0131379966456105,0.394449664253385,"transition",5,1.875
-2.5,10.05,1.48,-1.07746533663426,-1.07658797589597,0.000877360738292143,0.00410673036135278,0.0692913542296496,"transition",5,1.875
-1.25,10.05,1.48,-2.24319256418778,-2.2433345451034,0.000141980915612905,0.00125949949454769,0.00680986191886473,"transition",5,1.875
0,10.05,1.48,-2.40292934344417,-2.40332811898088,0.000398775536700313,0.00272353102073073,0.0157379269731055,"transition",5,1.875
1.25,10.05,1.48,-1.4149987198486,-1.41462721727278,0.000371502575828409,0.00419249840948372,0.0140966691181741,"transition",5,1.875
2.5,10.05,1.48,0.0859545379068782,0.085557532109769,0.000397005797109218,0.00613281853171945,0.0137261681668937,"transition",5,1.875
3.75,10.05,1.48,1.186883063515,1.18508461184052,0.00179845167447334,0.00339907019725634,0.0725842144973087,"transition",5,1.875
-3.75,14.95,1.48,-0.24939028771822,-0.252231292721126,0.00284100500290652,0.018623820394179,0.153341154973282,"transition",5,1.875
-2.5,14.95,1.48,-1.89928987181084,-1.90090505687101,0.00161518506016933,0.00344480462468679,0.0541390233257287,"transition",5,1.875
-1.25,14.95,1.48,-3.02735903270558,-3.02697830881825,0.00038072388733168,0.00184888746218846,0.0173669517565091,"transition",5,1.875
0,14.95,1.48,-3.09506693663115,-3.09491271067795,0.000154225953201692,0.000958119606498882,0.00829386656987366,"transition",5,1.875
1.25,14.95,1.48,-2.0512756328111,-2.05099870101118,0.000276931799917168,0.0033770624186775,0.0111495595279668,"transition",5,1.875
2.5,14.95,1.48,-0.397136717455663,-0.397674550107414,0.000537832651751335,0.00684481174107063,0.00888605938013649,"transition",5,1.875
3.75,14.95,1.48,0.944979558360572,0.942376611260272,0.00260294710030007,0.00148195081293056,0.106912749923511,"transition",5,1.875
-3.75,19.85,1.48,-0.872055989008349,-0.873616789716229,0.00156080070787923,0.0019137039571464,0.0659961101790079,"transition",5,1.875
-2.5,19.85,1.48,-2.56033169714261,-2.56024770732232,8.39898202849021e-05,0.00297579365997011,0.00663735800698205,"transition",5,1.875
-1.25,19.85,1.48,-3.60388575857893,-3.60352365079381,0.00036210778512169,0.000932183707817644,0.0121661746295473,"transition",5,1.875
0,19.85,1.48,-3.59364932440962,-3.59364743673949,1.88767012598845e-06,0.00023995129160209,0.0069725971550504,"transition",5,1.875
1.25,19.85,1.48,-2.55164946787201,-2.55147466876681,0.00017479910519258,0.00185171255319624,0.00894127826243897,"transition",5,1.875
2.5,19.85,1.48,-0.843169759572363,-0.843639827413362,0.000470067840998678,0.00486681886946111,0.0133815455610173,"transition",5,1.875
3.75,19.85,1.48,0.688282402394734,0.685920021878259,0.00236238051647586,0.00114254143311802,0.0970195290817538,"transition",5,1.875
-3.75,24.75,1.48,-1.42473290828341,-1.42616059209048,0.00142768380706837,0.00254109516984674,0.0575625678340535,"transition",5,1.875
-2.5,24.75,1.48,-3.10283267337874,-3.10291580485939,8.31314806415406e-05,0.00310494205304751,0.01333015291567,"transition",5,1.875
-1.25,24.75,1.48,-4.04447038509113,-4.04405978696828,0.000410598122852157,0.00125075012455154,0.014797058388872,"transition",5,1.875
0,24.75,1.48,-3.97096698885209,-3.97087182599904,9.51628530518889e-05,0.000937760865746009,0.00903931829927854,"transition",5,1.875
1.25,24.75,1.48,-2.95684658102891,-2.95679782365797,4.87573709389011e-05,0.000705104350153255,0.00865456410880903,"transition",5,1.875
2.5,24.75,1.48,-1.25220642047574,-1.25247986911806,0.000273448642314156,0.00201740042620991,0.0142961579430375,"transition",5,1.875
3.75,24.75,1.48,0.420741328007446,0.419219603200526,0.0015217248069192,0.0022914861297483,0.0609960060628642,"transition",5,1.875
-3.75,0.25,1.94,1.34060772187038,1.44093370143485,0.100325979564471,0.557357290642023,2.32139025411721,"high_t_low_q",5,1.875
-2.5,0.25,1.94,0.608947578854231,0.536199898219866,0.072747680634365,0.791453193475857,2.05242187778714,"high_t_low_q",5,1.875
-1.25,0.25,1.94,0.185532048342314,0.177587940782109,0.0079441075602045,0.908695514226144,3.17223643817644,"high_t_low_q",5,1.875
0,0.25,1.94,0.424019363316029,0.408354912926806,0.0156644503892233,0.470354977827248,3.45326702747234,"high_t_low_q",5,1.875
1.25,0.25,1.94,0.860348857913984,0.86153346935503,0.00118461144104598,0.0251271458701725,0.460687500382014,"high_t_low_q",5,1.875
2.5,0.25,1.94,1.46247389669185,1.46204354596991,0.000430350721934758,0.00716428393927611,3.4885280395155,"high_t_low_q",5,1.875
3.75,0.25,1.94,2.13252954626164,2.13005289995268,0.00247664630896649,0.0188805628855929,0.195190311169362,"high_t_low_q",5,1.875
-3.75,5.15,1.94,0.13483158403303,0.143289260999088,0.00845767696605798,0.529580643059463,2.29376460989531,"high_dependence",5,1.875
-2.5,5.15,1.94,-1.46492474450725,-1.44080318810545,0.0241215564018,0.253424497697698,0.894779404183362,"high_dependence",5,1.875
-1.25,5.15,1.94,-2.7629246387879,-2.7586555206546,0.00426911813329722,0.090621686518746,0.4244082749593,"high_dependence",5,1.875
0,5.15,1.94,-3.0236626609624,-3.02433927877981,0.000676617817406466,0.00517939252999776,0.0371055017107168,"high_dependence",5,1.875
1.25,5.15,1.94,-1.77597970259687,-1.77654528037104,0.000565577774176873,0.00697337870080803,0.0202027119063744,"high_dependence",5,1.875
2.5,5.15,1.94,0.145520092183832,0.146076901288988,0.000556809105156014,0.00826811320800408,0.0128439647093307,"high_dependence",5,1.875
3.75,5.15,1.94,1.63493076252627,1.63847394136615,0.00354317883988164,0.00247846588517061,0.161642725613373,"high_dependence",5,1.875
-3.75,10.05,1.94,-1.08277435403274,-1.08862208027183,0.00584772623908214,0.170172022261219,0.797985362832382,"high_dependence",5,1.875
-2.5,10.05,1.94,-3.02567813972344,-3.03199836239581,0.00632022267237309,0.0757110123434207,0.298625070843627,"high_dependence",5,1.875
-1.25,10.05,1.94,-4.50438236353924,-4.50390389984668,0.000478463692561881,0.00684661121050291,0.0658558167961155,"high_dependence",5,1.875
0,10.05,1.94,-4.67166916627087,-4.67097916634577,0.000689999925102214,0.00505678652489278,0.0216845015974914,"high_dependence",5,1.875
1.25,10.05,1.94,-3.27024718705588,-3.26952807507602,0.000719111979858855,0.00655909467052221,0.0274955481295425,"high_dependence",5,1.875
2.5,10.05,1.94,-0.919460539218456,-0.920209632066565,0.000749092848109756,0.00945970567433777,0.012906481516601,"high_dependence",5,1.875
3.75,10.05,1.94,1.11792930151804,1.11485434021476,0.00307496130327811,0.00204069306200282,0.129168948836653,"high_dependence",5,1.875
-3.75,14.95,1.94,-2.10311501419931,-2.10625992631671,0.00314491211739965,0.0633381190235495,0.23712893254806,"high_dependence",5,1.875
-2.5,14.95,1.94,-4.21208430877308,-4.20825396717696,0.00383034159611917,0.0228756649291529,0.0633387860932973,"high_dependence",5,1.875
-1.25,14.95,1.94,-5.60919938463101,-5.60954403966344,0.000344655032437302,0.00164478633049978,0.0250370673317653,"high_dependence",5,1.875
0,14.95,1.94,-5.67204876216494,-5.67245692795212,0.000408165787183279,0.00328761903014134,0.0103114646829767,"high_dependence",5,1.875
1.25,14.95,1.94,-4.27383103014208,-4.27324811080296,0.000582919339120025,0.00204814631404222,0.00835662565005602,"high_dependence",5,1.875
2.5,14.95,1.94,-1.80617047922768,-1.80654635607941,0.000375876851729018,0.00548963965957973,0.0109339099655028,"high_dependence",5,1.875
3.75,14.95,1.94,0.591872951186305,0.589241004492748,0.00263194669355715,0.00135006475482425,0.109322510328482,"high_dependence",5,1.875
-3.75,19.85,1.94,-3.00274218158338,-3.00753968910467,0.00479750752129204,0.0322709045783703,0.178398513123353,"high_dependence",5,1.875
-2.5,19.85,1.94,-5.11551580573653,-5.11707518703898,0.00155938130244504,0.0100905419462932,0.0224377798470445,"high_dependence",5,1.875
-1.25,19.85,1.94,-6.37961791129927,-6.37927033521452,0.000347576084751111,0.00405172002617037,0.0203280852549563,"high_dependence",5,1.875
0,19.85,1.94,-6.35544775960957,-6.35540077497876,4.69846308117639e-05,0.00289972715707565,0.0159778719591397,"high_dependence",5,1.875
1.25,19.85,1.94,-5.00773870447982,-5.0078889043648,0.000150199884981106,0.00164582524942133,0.00722443571798551,"high_dependence",5,1.875
2.5,19.85,1.94,-2.55896589396737,-2.55897394943783,8.05547045779065e-06,0.00124599645226223,0.0148378912886408,"high_dependence",5,1.875
3.75,19.85,1.94,0.0656508358986425,0.06439177562267,0.00125906027597253,0.00329635770516769,0.0529119562386266,"high_dependence",5,1.875
-3.75,24.75,1.94,-3.76873983706545,-3.76946203822683,0.000722201161375668,0.00740236733425705,0.0718074560327388,"high_dependence",5,1.875
-2.5,24.75,1.94,-5.82725167935195,-5.82780850405427,0.000556824702324654,0.00609399405497088,0.057835586216569,"high_dependence",5,1.875
-1.25,24.75,1.94,-6.94948200686666,-6.94936826495143,0.000113741915234833,0.00270884335315343,0.0166143204115912,"high_dependence",5,1.875
0,24.75,1.94,-6.8552336464835,-6.85530393091221,7.02844287161497e-05,0.00230876628319176,0.0144801062984951,"high_dependence",5,1.875
1.25,24.75,1.94,-5.57357904660296,-5.57386016690739,0.000281120304430615,0.00188453519971062,0.0064189081629151,"high_dependence",5,1.875
2.5,24.75,1.94,-3.20686849368764,-3.20670963508064,0.000158858607001378,0.00102189433627575,0.00984540092341898,"high_dependence",5,1.875
3.75,24.75,1.94,-0.453433399344657,-0.453656277545392,0.000222878200734355,0.00201275626443709,0.0158724375485435,"high_dependence",5,1.875
-3.75,0.25,2.4,-0.889810494398001,-0.932772660432269,0.0429621660342682,1.57127350447671,3.30919914444803,"high_t_low_q",5,1.875
-2.5,0.25,2.4,-1.80928388193503,-1.72175583832698,0.0875280436080472,1.21366488507986,2.44222802903065,"high_t_low_q",5,1.875
-1.25,0.25,2.4,-1.84590436055037,-1.87765715002216,0.0317527894717855,1.62641558030099,3.33315978278453,"high_t_low_q",5,1.875
0,0.25,2.4,-0.844319097005346,-0.846950918594396,0.00263182158904929,1.63583650458917,3.66075085728551,"high_t_low_q",5,1.875
1.25,0.25,2.4,0.760747725672042,0.756925779235849,0.00382194643619316,0.725682442234197,3.9555107873808,"high_t_low_q",5,1.875
2.5,0.25,2.4,1.73682862077748,1.7427140759293,0.00588545515181327,0.074025957972201,0.252558501055579,"high_t_low_q",5,1.875
3.75,0.25,2.4,2.50114792580322,2.52316743784799,0.0220195120447775,0.055079111003709,1.51277212353164,"high_t_low_q",5,1.875
-3.75,5.15,2.4,-2.22059598810217,-2.38727078360409,0.166674795501918,0.459278587344101,6.24041677450307,"high_dependence",5,1.875
-2.5,5.15,2.4,-3.98621768519428,-3.92865971036833,0.0575579748259485,0.604929751179165,1.10216350049874,"high_dependence",5,1.875
-1.25,5.15,2.4,-5.33630806434902,-5.32801543338972,0.00829263095930077,0.197526008695474,0.511459573206897,"high_dependence",5,1.875
0,5.15,2.4,-5.53302461839982,-5.53475027072336,0.00172565232353872,0.046646784255133,0.18346608645138,"high_dependence",5,1.875
1.25,5.15,2.4,-3.85304145294775,-3.8515920850089,0.00144936793885453,0.00793325113346253,0.1951750522946,"high_dependence",5,1.875
2.5,5.15,2.4,-1.05678479788166,-1.05767798559037,0.000893187708710164,0.0124841851918855,0.111565278763317,"high_dependence",5,1.875
3.75,5.15,2.4,1.35175825591912,1.34831392539978,0.0034443305193459,0.00670050616719873,0.251008509763205,"high_dependence",5,1.875
-3.75,10.05,2.4,-3.6545663905797,-3.6343533663352,0.0202130242444989,0.392876595333201,2.78204255950398,"high_dependence",5,1.875
-2.5,10.05,2.4,-5.81134427299013,-5.82868775574506,0.0173434827549332,0.12498588105184,0.311791791857048,"high_dependence",5,1.875
-1.25,10.05,2.4,-7.46108508252459,-7.46008528724952,0.000999795275070881,0.0326738132183442,0.086385372071605,"high_dependence",5,1.875
0,10.05,2.4,-7.62525917209628,-7.62242074102128,0.00283843107499582,0.0076705916978143,0.0126063877288081,"high_dependence",5,1.875
1.25,10.05,2.4,-5.92805757066041,-5.92829280672603,0.00023523606562037,0.00377387659072283,0.0144953352956886,"high_dependence",5,1.875
2.5,10.05,2.4,-2.82856105574621,-2.82898475559119,0.000423699844976255,0.00319407080306013,0.0251046720677315,"high_dependence",5,1.875
3.75,10.05,2.4,0.310988248384364,0.30941492695098,0.00157332143338362,0.00571062456529843,0.0877570217500022,"high_dependence",5,1.875
-3.75,14.95,2.4,-4.83953107609322,-4.87047552933537,0.0309444532421495,0.0825920793966451,0.826079136574306,"high_dependence",5,1.875
-2.5,14.95,2.4,-7.20949690502662,-7.20252393079553,0.00697297423108356,0.0335278001637574,0.138467612146974,"high_dependence",5,1.875
-1.25,14.95,2.4,-8.76028901217816,-8.7612785905619,0.000989578383736145,0.00879348608806251,0.0460902669986677,"high_dependence",5,1.875
0,14.95,2.4,-8.81616923216897,-8.8182579551555,0.00208872298652985,0.00623658838243031,0.0262040636566403,"high_dependence",5,1.875
1.25,14.95,2.4,-7.19819761592241,-7.19724900566167,0.000948610260739891,0.00273932866904147,0.0587295996150652,"high_dependence",5,1.875
2.5,14.95,2.4,-4.12358349887541,-4.1238246742964,0.000241175420994111,0.00539885718896583,0.0139459266567156,"high_dependence",5,1.875
3.75,14.95,2.4,-0.638348385985276,-0.640776015554844,0.00242762956956755,0.00159906063182847,0.103625192995971,"high_dependence",5,1.875
-3.75,19.85,2.4,-5.90488475738522,-5.9033913745025,0.0014933828827246,0.0902070676340449,0.562528378853605,"high_dependence",5,1.875
-2.5,19.85,2.4,-8.2574726090595,-8.26162701678676,0.00415440772725439,0.00697271933439265,0.0561248978565135,"high_dependence",5,1.875
-1.25,19.85,2.4,-9.63882620744347,-9.63820994650386,0.000616260939610314,0.00735614989455517,0.0584461201949379,"high_dependence",5,1.875
0,19.85,2.4,-9.60460056138325,-9.60379677606489,0.000803785318360895,0.00434640812855936,0.0311554242905483,"high_dependence",5,1.875
1.25,19.85,2.4,-8.08310399121583,-8.08359923512749,0.000495243911663223,0.00225493090708524,0.0103813393306801,"high_dependence",5,1.875
2.5,19.85,2.4,-5.13861475747177,-5.13851687897745,9.78784943228561e-05,0.00102063888155308,0.0293761861150555,"high_dependence",5,1.875
3.75,19.85,2.4,-1.50883664628567,-1.50902941703132,0.000192770745646387,0.00140176766366831,0.0205666726498238,"high_dependence",5,1.875
-3.75,24.75,2.4,-6.79734267327751,-6.79516281733263,0.00217985594487935,0.0269460651149165,0.244364610395717,"high_dependence",5,1.875
-2.5,24.75,2.4,-9.06329775960301,-9.06434471357221,0.00104695396919929,0.0152546806012332,0.0517285300253491,"high_dependence",5,1.875
-1.25,24.75,2.4,-10.2769804581788,-10.2768512817125,0.000129176466328929,0.0039099905551364,0.0600666705662838,"high_dependence",5,1.875
0,24.75,2.4,-10.1705531097214,-10.1703759557174,0.000177154004033397,0.00489568587697868,0.0383248315797836,"high_dependence",5,1.875
1.25,24.75,2.4,-8.74521576632245,-8.74556065942372,0.000344893101271282,0.00240032780162831,0.0205867972405048,"high_dependence",5,1.875
2.5,24.75,2.4,-5.9673322239243,-5.96718098680674,0.000151237117563596,0.00139056005476344,0.0217771574512474,"high_dependence",5,1.875
3.75,24.75,2.4,-2.30975569707092,-2.30955223336803,0.000203463702891149,0.00126634895147089,0.0277295381864177,"high_dependence",5,1.875
