"x","q","t","region","q_low_cut","t_high_cut","series_reference","geomodels_reference","abs_diff","rel_diff"
-3.75,0.25,0.1,"low_separation",5,1.875,0.0449727947973466,0.0449727947974307,8.40438829641244e-14,8.40438829641244e-14
-2.5,0.25,0.1,"low_separation",5,1.875,0.0220527995045417,0.0220527995046235,8.18095591270662e-14,8.18095591270662e-14
-1.25,0.25,0.1,"low_separation",5,1.875,0.00408604423294028,0.00408604423361193,6.71657174322604e-13,6.71657174322604e-13
0,0.25,0.1,"low_separation",5,1.875,0.000166536002700106,0.000166536002859458,1.5935169850323e-13,1.5935169850323e-13
1.25,0.25,0.1,"low_separation",5,1.875,0.00591545063878725,0.00591545063880274,1.5480672299617e-14,1.5480672299617e-14
2.5,0.25,0.1,"low_separation",5,1.875,0.0105860286987166,0.0105860286987525,3.58879592710082e-14,3.58879592710082e-14
3.75,0.25,0.1,"low_separation",5,1.875,0.0124520278227663,0.012452027822815,4.86694018420053e-14,4.86694018420053e-14
-3.75,5.15,0.1,"transition",5,1.875,0.0394840286651182,0.039484028665244,1.25718879750991e-13,1.25718879750991e-13
-2.5,5.15,0.1,"transition",5,1.875,0.0154252733297098,0.015425273329777,6.72240041410532e-14,6.72240041410532e-14
-1.25,5.15,0.1,"transition",5,1.875,-0.00186975837128388,-0.00186975837085638,4.2749831452582e-13,4.2749831452582e-13
0,5.15,0.1,"transition",5,1.875,-0.00432907849031881,-0.00432907849023996,7.88535903240017e-14,7.88535903240017e-14
1.25,5.15,0.1,"transition",5,1.875,0.00271936489821562,0.00271936489890245,6.86832535290449e-13,6.86832535290449e-13
2.5,5.15,0.1,"transition",5,1.875,0.00906273205798596,0.00906273205801408,2.8123336992536e-14,2.8123336992536e-14
3.75,5.15,0.1,"transition",5,1.875,0.0119244287633499,0.0119244287633946,4.46934156350665e-14,4.46934156350665e-14
-3.75,10.05,0.1,"interior_stable",5,1.875,0.0341011217439054,0.0341011217440097,1.04333208739149e-13,1.04333208739149e-13
-2.5,10.05,0.1,"interior_stable",5,1.875,0.00939925071385517,0.00939925071389638,4.1210090895305e-14,4.1210090895305e-14
-1.25,10.05,0.1,"interior_stable",5,1.875,-0.00671947786293419,-0.00671947786265904,2.75147959971633e-13,2.75147959971633e-13
0,10.05,0.1,"interior_stable",5,1.875,-0.00794782243344026,-0.00794782243339704,4.32223701274381e-14,4.32223701274381e-14
1.25,10.05,0.1,"interior_stable",5,1.875,-0.000193704552040541,-0.000193704551615673,4.2486847373624e-13,4.2486847373624e-13
2.5,10.05,0.1,"interior_stable",5,1.875,0.00744436313266264,0.00744436313268446,2.18158824338843e-14,2.18158824338843e-14
3.75,10.05,0.1,"interior_stable",5,1.875,0.0113146541892098,0.0113146541892505,4.07104905342237e-14,4.07104905342237e-14
-3.75,14.95,0.1,"interior_stable",5,1.875,0.028858149767035,0.0288581497671386,1.03639319348758e-13,1.03639319348758e-13
-2.5,14.95,0.1,"interior_stable",5,1.875,0.00397675102892228,0.00397675102895097,2.86853873987525e-14,2.86853873987525e-14
-1.25,14.95,0.1,"interior_stable",5,1.875,-0.010694693172916,-0.010694693172735,1.80928189097429e-13,1.80928189097429e-13
0,14.95,0.1,"interior_stable",5,1.875,-0.0109251471289144,-0.0109251471288911,2.32938668354166e-14,2.32938668354166e-14
1.25,14.95,0.1,"interior_stable",5,1.875,-0.00283434831527849,-0.00283434831501191,2.66585364894212e-13,2.66585364894212e-13
2.5,14.95,0.1,"interior_stable",5,1.875,0.00576409009599103,0.00576409009600757,1.65423230669148e-14,1.65423230669148e-14
3.75,14.95,0.1,"interior_stable",5,1.875,0.0106231409372035,0.0106231409372402,3.67345043272849e-14,3.67345043272849e-14
-3.75,19.85,0.1,"interior_stable",5,1.875,0.0237871826392921,0.0237871826393737,8.16569034611803e-14,8.16569034611803e-14
-2.5,19.85,0.1,"interior_stable",5,1.875,-0.00086085450408422,-0.000860854504066921,1.72986625024407e-14,1.72986625024407e-14
-1.25,19.85,0.1,"interior_stable",5,1.875,-0.0139791613253265,-0.0139791613252042,1.22242493905134e-13,1.22242493905134e-13
0,19.85,0.1,"interior_stable",5,1.875,-0.013419112164838,-0.0134191121648252,1.27571564423334e-14,1.27571564423334e-14
1.25,19.85,0.1,"interior_stable",5,1.875,-0.00522308213784071,-0.00522308213767171,1.69003699923564e-13,1.69003699923564e-13
2.5,19.85,0.1,"interior_stable",5,1.875,0.00405267367479514,0.00405267367576302,9.67885493974308e-13,9.67885493974308e-13
3.75,19.85,0.1,"interior_stable",5,1.875,0.0098522228532153,0.00985222285324783,3.25295346215171e-14,3.25295346215171e-14
-3.75,24.75,0.1,"interior_stable",5,1.875,0.018917065227959,0.0189170652280247,6.57321419517132e-14,6.57321419517132e-14
-2.5,24.75,0.1,"interior_stable",5,1.875,-0.0051472669490253,-0.00514726694901501,1.02903796594944e-14,1.02903796594944e-14
-1.25,24.75,0.1,"interior_stable",5,1.875,-0.0167162735872374,-0.0167162735871398,9.76267677810227e-14,9.76267677810227e-14
0,24.75,0.1,"interior_stable",5,1.875,-0.0155397331677912,-0.0155397331677823,8.88525364395321e-15,8.88525364395321e-15
1.25,24.75,0.1,"interior_stable",5,1.875,-0.00738405527787095,-0.00738405527776219,1.08760223049842e-13,1.08760223049842e-13
2.5,24.75,0.1,"interior_stable",5,1.875,0.00233694019539263,0.00233694019612719,7.34558247561523e-13,7.34558247561523e-13
3.75,24.75,0.1,"interior_stable",5,1.875,0.00900608939701985,0.00900608939704797,2.8123336992536e-14,2.8123336992536e-14
-3.75,0.25,0.56,"low_separation",5,1.875,0.88989174368243,0.889891744607883,9.2545304752889e-10,9.2545304752889e-10
-2.5,0.25,0.56,"low_separation",5,1.875,0.479551943185493,0.479551945475753,2.29026042575242e-09,2.29026042575242e-09
-1.25,0.25,0.56,"low_separation",5,1.875,0.131098810708953,0.131098811080856,3.7190317492275e-10,3.7190317492275e-10
0,0.25,0.56,"low_separation",5,1.875,0.0208427506323123,0.0208427506581714,2.58590926449642e-11,2.58590926449642e-11
1.25,0.25,0.56,"low_separation",5,1.875,0.153843590859454,0.153843590862793,3.3388847242577e-12,3.3388847242577e-12
2.5,0.25,0.56,"low_separation",5,1.875,0.292116788599083,0.292116788600699,1.61604063464438e-12,1.61604063464438e-12
3.75,0.25,0.56,"low_separation",5,1.875,0.35280027663112,0.352800276632169,1.0493828028757e-12,1.0493828028757e-12
-3.75,5.15,0.56,"transition",5,1.875,0.761509386789913,0.761509387388323,5.9840976618375e-10,5.9840976618375e-10
-2.5,5.15,0.56,"transition",5,1.875,0.303306803189504,0.30330680414472,9.55215906373041e-10,9.55215906373041e-10
-1.25,5.15,0.56,"transition",5,1.875,-0.0638225712465188,-0.0638225711802631,6.62556676189752e-11,6.62556676189752e-11
0,5.15,0.56,"transition",5,1.875,-0.13953105550001,-0.139531055488071,1.1939116362214e-11,1.1939116362214e-11
1.25,5.15,0.56,"transition",5,1.875,0.0465619393325949,0.0465619393349672,2.37232455901903e-12,2.37232455901903e-12
2.5,5.15,0.56,"transition",5,1.875,0.241123120882208,0.241123120882974,7.65609797781508e-13,7.65609797781508e-13
3.75,5.15,0.56,"transition",5,1.875,0.334968968456538,0.334968968457349,8.10462807976364e-13,8.10462807976364e-13
-3.75,10.05,0.56,"interior_stable",5,1.875,0.63532959948644,0.635329599868095,3.81654263748032e-10,3.81654263748032e-10
-2.5,10.05,0.56,"interior_stable",5,1.875,0.142537526918127,0.142537527316243,3.9811554053415e-10,3.9811554053415e-10
-1.25,10.05,0.56,"interior_stable",5,1.875,-0.220047706234893,-0.220047706142998,9.18947140604587e-11,9.18947140604587e-11
0,10.05,0.56,"interior_stable",5,1.875,-0.263300496358058,-0.263300496349421,8.63720206467633e-12,8.63720206467633e-12
1.25,10.05,0.56,"interior_stable",5,1.875,-0.0490181916607499,-0.0490181916587131,2.03681516097731e-12,2.03681516097731e-12
2.5,10.05,0.56,"interior_stable",5,1.875,0.187457916440483,0.187457916441709,1.2259082637911e-12,1.2259082637911e-12
3.75,10.05,0.56,"interior_stable",5,1.875,0.314429941872986,0.314429941873585,5.9929838869266e-13,5.9929838869266e-13
-3.75,14.95,0.56,"interior_stable",5,1.875,0.512069490307828,0.51206949054822,2.40392594719196e-10,2.40392594719196e-10
-2.5,14.95,0.56,"interior_stable",5,1.875,-0.00267669627798073,-0.00267669611095211,1.67028613162756e-10,1.67028613162756e-10
-1.25,14.95,0.56,"interior_stable",5,1.875,-0.346254535609629,-0.346254535586758,2.28707053295807e-11,2.28707053295807e-11
0,14.95,0.56,"interior_stable",5,1.875,-0.361735202584282,-0.361735202582603,1.6787682355357e-12,1.6787682355357e-12
1.25,14.95,0.56,"interior_stable",5,1.875,-0.133942947521375,-0.133942947519306,2.06923367329637e-12,2.06923367329637e-12
2.5,14.95,0.56,"interior_stable",5,1.875,0.132285027374,0.132285027374524,5.24247312227999e-13,5.24247312227999e-13
3.75,14.95,0.56,"interior_stable",5,1.875,0.291227272304996,0.291227272305419,4.2321701698711e-13,4.2321701698711e-13
-3.75,19.85,0.56,"interior_stable",5,1.875,0.392417273705951,0.392417273855722,1.49770640334168e-10,1.49770640334168e-10
-2.5,19.85,0.56,"interior_stable",5,1.875,-0.132747070998772,-0.132747070927884,7.0888628300736e-11,7.0888628300736e-11
-1.25,19.85,0.56,"interior_stable",5,1.875,-0.449130600349378,-0.449130600342964,6.41409148016692e-12,6.41409148016692e-12
0,19.85,0.56,"interior_stable",5,1.875,-0.441926529489232,-0.441926529487102,2.1298518504409e-12,2.1298518504409e-12
1.25,19.85,0.56,"interior_stable",5,1.875,-0.209428300458822,-0.209428300458273,5.4900528567714e-13,5.4900528567714e-13
2.5,19.85,0.56,"interior_stable",5,1.875,0.0766476026965404,0.0766476026973801,8.39772695826468e-13,8.39772695826468e-13
3.75,19.85,0.56,"interior_stable",5,1.875,0.265471504621302,0.265471504622331,1.02939878843245e-12,1.02939878843245e-12
-3.75,24.75,0.56,"interior_stable",5,1.875,0.277007745678964,0.277007745771456,9.24917920031021e-11,9.24917920031021e-11
-2.5,24.75,0.56,"interior_stable",5,1.875,-0.24845634456691,-0.248456344536263,3.06473735278701e-11,3.06473735278701e-11
-1.25,24.75,0.56,"interior_stable",5,1.875,-0.533783588151904,-0.533783588135114,1.67897917791038e-11,1.67897917791038e-11
0,24.75,0.56,"interior_stable",5,1.875,-0.508552726969943,-0.508552726966362,3.58069129902105e-12,3.58069129902105e-12
1.25,24.75,0.56,"interior_stable",5,1.875,-0.276670005872786,-0.276670005872045,7.40074668215129e-13,7.40074668215129e-13
2.5,24.75,0.56,"interior_stable",5,1.875,0.0214224304758837,0.0214224304772692,1.3855583347322e-12,1.3855583347322e-12
3.75,24.75,0.56,"interior_stable",5,1.875,0.23733648489387,0.237336484894545,6.75015598972095e-13,6.75015598972095e-13
-3.75,0.25,1.02,"low_separation",5,1.875,1.69949239423322,1.69963090129365,0.00013850706042895,8.14990763706484e-05
-2.5,0.25,1.02,"low_separation",5,1.875,0.99384237572048,0.993962308423483,0.000119932703003478,0.000119932703003478
-1.25,0.25,1.02,"low_separation",5,1.875,0.404824075373922,0.404840625588585,1.65502146636243e-05,1.65502146636243e-05
0,0.25,1.02,"low_separation",5,1.875,0.154730880254823,0.154731072274088,1.92019264932952e-07,1.92019264932952e-07
1.25,0.25,1.02,"low_separation",5,1.875,0.370701390801861,0.370701391119332,3.17470938426823e-10,3.17470938426823e-10
2.5,0.25,1.02,"low_separation",5,1.875,0.750982704244809,0.750982704252731,7.92255150372512e-12,7.92255150372512e-12
3.75,0.25,1.02,"low_separation",5,1.875,0.966916342991041,0.966916342993089,2.04813943582849e-12,2.04813943582849e-12
-3.75,5.15,1.02,"transition",5,1.875,1.30270448861863,1.3027640340068,5.95453881677699e-05,4.57090527345238e-05
-2.5,5.15,1.02,"transition",5,1.875,0.413055938086778,0.413064942981003,9.00489422495099e-06,9.00489422495099e-06
-1.25,5.15,1.02,"transition",5,1.875,-0.323755848017201,-0.323755053894842,7.94122358982463e-07,7.94122358982463e-07
0,5.15,1.02,"transition",5,1.875,-0.514495623026699,-0.51449561465412,8.37257907448929e-09,8.37257907448929e-09
1.25,5.15,1.02,"transition",5,1.875,-0.0567658206662345,-0.0567658205567327,1.09501741007989e-10,1.09501741007989e-10
2.5,5.15,1.02,"transition",5,1.875,0.551174362844373,0.551174362850009,5.63638025141699e-12,5.63638025141699e-12
3.75,5.15,1.02,"transition",5,1.875,0.895355902609875,0.895355902612712,2.8368418725222e-12,2.8368418725222e-12
-3.75,10.05,1.02,"interior_stable",5,1.875,0.929133559551707,0.92915903309105,2.54735393427907e-05,2.54735393427907e-05
-2.5,10.05,1.02,"interior_stable",5,1.875,-0.0846022480931961,-0.0846005717449145,1.67634828152075e-06,1.67634828152075e-06
-1.25,10.05,1.02,"interior_stable",5,1.875,-0.86244556463982,-0.862445439968901,1.24670918921765e-07,1.24670918921765e-07
0,10.05,1.02,"interior_stable",5,1.875,-0.981452718131152,-0.981452716108123,2.02302929963594e-09,2.02302929963594e-09
1.25,10.05,1.02,"interior_stable",5,1.875,-0.410772222746656,-0.410772222702567,4.40896208431241e-11,4.40896208431241e-11
2.5,10.05,1.02,"interior_stable",5,1.875,0.347286626375805,0.347286626379848,4.04343225568482e-12,4.04343225568482e-12
3.75,10.05,1.02,"interior_stable",5,1.875,0.813845555387175,0.813845555389404,2.22932783344731e-12,2.22932783344731e-12
-3.75,14.95,1.02,"interior_stable",5,1.875,0.577908434032287,0.577919312332846,1.08783005590141e-05,1.08783005590141e-05
-2.5,14.95,1.02,"interior_stable",5,1.875,-0.512599439141137,-0.512598312245058,1.12689607911776e-06,1.12689607911776e-06
-1.25,14.95,1.02,"interior_stable",5,1.875,-1.27377183331674,-1.27377182276222,1.05545154838182e-08,8.28603303021361e-09
0,14.95,1.02,"interior_stable",5,1.875,-1.32633369837788,-1.32633369785683,5.21047649471029e-10,3.92848081978371e-10
1.25,14.95,1.02,"interior_stable",5,1.875,-0.707322627354615,-0.707322627320198,3.44169137633799e-11,3.44169137633799e-11
2.5,14.95,1.02,"interior_stable",5,1.875,0.143982417094955,0.143982417100455,5.49960077478318e-12,5.49960077478318e-12
3.75,14.95,1.02,"interior_stable",5,1.875,0.722911475850927,0.722911475853607,2.68052247065498e-12,2.68052247065498e-12
-3.75,19.85,1.02,"interior_stable",5,1.875,0.248321146147425,0.248322146595672,1.00044824780099e-06,1.00044824780099e-06
-2.5,19.85,1.02,"interior_stable",5,1.875,-0.881583949453309,-0.881583689234037,2.60219272352202e-07,2.60219272352202e-07
-1.25,19.85,1.02,"interior_stable",5,1.875,-1.59540568106578,-1.59540567752271,3.5430653966273e-09,2.22079276680301e-09
0,19.85,1.02,"interior_stable",5,1.875,-1.59167860715577,-1.59167860706196,9.38094046887272e-11,5.89374037365236e-11
1.25,19.85,1.02,"interior_stable",5,1.875,-0.958557827705933,-0.958557827695327,1.06057385096392e-11,1.06057385096392e-11
2.5,19.85,1.02,"interior_stable",5,1.875,-0.0550402925379863,-0.0550402925353963,2.58992827184557e-12,2.58992827184557e-12
3.75,19.85,1.02,"interior_stable",5,1.875,0.623351837112268,0.623351837114076,1.80833126250945e-12,1.80833126250945e-12
-3.75,24.75,1.02,"interior_stable",5,1.875,-0.0602619733788545,-0.0602615804594442,3.92919410341364e-07,3.92919410341364e-07
-2.5,24.75,1.02,"interior_stable",5,1.875,-1.20023357719869,-1.20023351369095,6.35077372912463e-08,5.29128150534428e-08
-1.25,24.75,1.02,"interior_stable",5,1.875,-1.85168476642133,-1.85168476470006,1.72126801700756e-09,9.29568600563789e-10
0,24.75,1.02,"interior_stable",5,1.875,-1.80229834094989,-1.80229834087664,7.32434113359659e-11,4.06388940564433e-11
1.25,24.75,1.02,"interior_stable",5,1.875,-1.17367222345489,-1.17367222344391,1.0976552999864e-11,9.35231556179526e-12
2.5,24.75,1.02,"interior_stable",5,1.875,-0.247071359065569,-0.247071359063057,2.5122126601218e-12,2.5122126601218e-12
3.75,24.75,1.02,"interior_stable",5,1.875,0.516197988136452,0.516197988138393,1.94155802546447e-12,1.94155802546447e-12
-3.75,0.25,1.48,"low_separation",5,1.875,2.17430247881351,2.26624546127195,0.0919429824584359,0.0422861967708411
-2.5,0.25,1.48,"low_separation",5,1.875,1.3354848389169,1.41755274616538,0.082067907248474,0.0614517700665417
-1.25,0.25,1.48,"low_separation",5,1.875,0.691877143373993,0.719072517033434,0.0271953736594419,0.0271953736594419
0,0.25,1.48,"low_separation",5,1.875,0.400688756978353,0.401855162781684,0.00116640580333094,0.00116640580333094
1.25,0.25,1.48,"low_separation",5,1.875,0.608512995973677,0.608514224010377,1.22803669988514e-06,1.22803669988514e-06
2.5,0.25,1.48,"low_separation",5,1.875,1.15158392347546,1.15158392421256,7.37093941438616e-10,6.40069669619976e-10
3.75,0.25,1.48,"low_separation",5,1.875,1.61191384942856,1.61191384944328,1.47188927712705e-11,9.13131478862126e-12
-3.75,5.15,1.48,"transition",5,1.875,1.2544623388741,1.28886098032162,0.034398641447523,0.0274210236382197
-2.5,5.15,1.48,"transition",5,1.875,-0.02725475394484,-0.0184217948793366,0.00883295906550341,0.00883295906550341
-1.25,5.15,1.48,"transition",5,1.875,-1.11076322385667,-1.10997104428955,0.000792179567120854,0.000713184907554228
0,5.15,1.48,"transition",5,1.875,-1.36774309165183,-1.36773267799691,1.04136549170519e-05,7.61375069675936e-06
1.25,5.15,1.48,"transition",5,1.875,-0.572985168365665,-0.572985110189043,5.81766217422341e-08,5.81766217422341e-08
2.5,5.15,1.48,"transition",5,1.875,0.603984655041454,0.60398465531873,2.77276868132503e-10,2.77276868132503e-10
3.75,5.15,1.48,"transition",5,1.875,1.41027503434785,1.41027503436066,1.28022037415576e-11,9.0778064063778e-12
-3.75,10.05,1.48,"transition",5,1.875,0.45791716770263,0.464420380761269,0.00650321305863955,0.00650321305863955
-2.5,10.05,1.48,"transition",5,1.875,-1.07746533663426,-1.07621932722303,0.00124600941122299,0.00115642644719804
-1.25,10.05,1.48,"transition",5,1.875,-2.24319256418778,-2.24314838785546,4.41763323228983e-05,1.96935087197446e-05
0,10.05,1.48,"transition",5,1.875,-2.40292934344417,-2.40292897743436,3.66009817120982e-07,1.52318177028198e-07
1.25,10.05,1.48,"transition",5,1.875,-1.4149987198486,-1.41499871419115,5.65745139624596e-09,3.99820248378124e-09
2.5,10.05,1.48,"transition",5,1.875,0.0859545379068782,0.0859545380388411,1.31962885063786e-10,1.31962885063786e-10
3.75,10.05,1.48,"transition",5,1.875,1.186883063515,1.18688306352734,1.23421273201529e-11,1.03987728021001e-11
-3.75,14.95,1.48,"transition",5,1.875,-0.24939028771822,-0.247305425122835,0.00208486259538532,0.00208486259538532
-2.5,14.95,1.48,"transition",5,1.875,-1.89928987181084,-1.89911014593333,0.000179725877513803,9.46279344618664e-05
-1.25,14.95,1.48,"transition",5,1.875,-3.02735903270558,-3.02735702511038,2.00759520785354e-06,6.63150682216682e-07
0,14.95,1.48,"transition",5,1.875,-3.09506693663115,-3.0950669105951,2.60360515369484e-08,8.4121125875512e-09
1.25,14.95,1.48,"transition",5,1.875,-2.0512756328111,-2.0512756316918,1.11929665536081e-09,5.45658826857369e-10
2.5,14.95,1.48,"transition",5,1.875,-0.397136717455663,-0.397136717392298,6.33644248182463e-11,6.33644248182463e-11
3.75,14.95,1.48,"transition",5,1.875,0.944979558360572,0.944979558369579,9.00701735417897e-12,9.00701735417897e-12
-3.75,19.85,1.48,"transition",5,1.875,-0.872055989008349,-0.87138865660464,0.000667332403709864,0.000667332403709864
-2.5,19.85,1.48,"transition",5,1.875,-2.56033169714261,-2.56030430541676,2.73917258466483e-05,1.06985067119304e-05
-1.25,19.85,1.48,"transition",5,1.875,-3.60388575857893,-3.60388550411305,2.54465878146704e-07,7.06087526611952e-08
0,19.85,1.48,"transition",5,1.875,-3.59364932440962,-3.59364931972206,4.68755612104133e-09,1.30439998393873e-09
1.25,19.85,1.48,"transition",5,1.875,-2.55164946787201,-2.55164946758145,2.90558688220699e-10,1.13870926190742e-10
2.5,19.85,1.48,"transition",5,1.875,-0.843169759572363,-0.843169759533385,3.897770994854e-11,3.897770994854e-11
3.75,19.85,1.48,"transition",5,1.875,0.688282402394734,0.688282402402669,7.93409782318122e-12,7.93409782318122e-12
-3.75,24.75,1.48,"transition",5,1.875,-1.42473290828341,-1.42451769834369,0.000215209939722349,0.000151052831356051
-2.5,24.75,1.48,"transition",5,1.875,-3.10283267337874,-3.10282818663304,4.48674570430185e-06,1.44601600427784e-06
-1.25,24.75,1.48,"transition",5,1.875,-4.04447038509113,-4.04447033552579,4.95653349474878e-08,1.22550866314159e-08
0,24.75,1.48,"transition",5,1.875,-3.97096698885209,-3.9709669879611,8.90987728041637e-10,2.24375506153276e-10
1.25,24.75,1.48,"transition",5,1.875,-2.95684658102891,-2.95684658091837,1.10538689312989e-10,3.73839786014613e-11
2.5,24.75,1.48,"transition",5,1.875,-1.25220642047574,-1.25220642045461,2.11324291399251e-11,1.68761545974955e-11
3.75,24.75,1.48,"transition",5,1.875,0.420741328007446,0.420741328014559,7.1134209633783e-12,7.1134209633783e-12
-3.75,0.25,1.94,"high_t_low_q",5,1.875,1.34060772187038,2.68939940404242,1.34879168217205,1.00610466445043
-2.5,0.25,1.94,"high_t_low_q",5,1.875,0.608947578854231,1.74300173930215,1.13405416044792,1.13405416044792
-1.25,0.25,1.94,"high_t_low_q",5,1.875,0.185532048342314,0.952892706308134,0.767360657965821,0.767360657965821
0,0.25,1.94,"high_t_low_q",5,1.875,0.424019363316029,0.607747052401628,0.183727689085599,0.183727689085599
1.25,0.25,1.94,"high_t_low_q",5,1.875,0.860348857913984,0.863170673567065,0.00282181565308193,0.00282181565308193
2.5,0.25,1.94,"high_t_low_q",5,1.875,1.46247389669185,1.46247470466395,8.0797209989214e-07,5.52469416185679e-07
3.75,0.25,1.94,"high_t_low_q",5,1.875,2.13252954626164,2.13252954682263,5.60985924380475e-10,2.6306126701217e-10
-3.75,5.15,1.94,"high_dependence",5,1.875,0.13483158403303,0.548820437377492,0.413988853344462,0.413988853344462
-2.5,5.15,1.94,"high_dependence",5,1.875,-1.46492474450725,-1.25920040410098,0.205724340406272,0.140433384839486
-1.25,5.15,1.94,"high_dependence",5,1.875,-2.7629246387879,-2.73659528796335,0.0263293508245539,0.00952952188956722
0,5.15,1.94,"high_dependence",5,1.875,-3.0236626609624,-3.02272771717568,0.000934943786720766,0.000309209026123034
1.25,5.15,1.94,"high_dependence",5,1.875,-1.77597970259687,-1.77596848738204,1.12152148279421e-05,6.31494538566122e-06
2.5,5.15,1.94,"high_dependence",5,1.875,0.145520092183832,0.145520144123056,5.19392244768824e-08,5.19392244768824e-08
3.75,5.15,1.94,"high_dependence",5,1.875,1.63493076252627,1.63493076283775,3.11478842718316e-10,1.9051500519632e-10
-3.75,10.05,1.94,"high_dependence",5,1.875,-1.08277435403274,-0.93353427188978,0.149240082142963,0.137831194086862
-2.5,10.05,1.94,"high_dependence",5,1.875,-3.02567813972344,-3.00097414298907,0.0247039967343738,0.0081647801231865
-1.25,10.05,1.94,"high_dependence",5,1.875,-4.50438236353924,-4.50353330884481,0.000849054694422868,0.000188495253266141
0,10.05,1.94,"high_dependence",5,1.875,-4.67166916627087,-4.67165777785047,1.13884204022696e-05,2.43776260624216e-06
1.25,10.05,1.94,"high_dependence",5,1.875,-3.27024718705588,-3.2702469409998,2.46056078623269e-07,7.52408195922301e-08
2.5,10.05,1.94,"high_dependence",5,1.875,-0.919460539218456,-0.91946053302846,6.1899960712708e-09,6.1899960712708e-09
3.75,10.05,1.94,"high_dependence",5,1.875,1.11792930151804,1.11792930169908,1.81035630930637e-10,1.61938353959242e-10
-3.75,14.95,1.94,"high_dependence",5,1.875,-2.10311501419931,-2.07090753405591,0.0322074801433949,0.0153141791703945
-2.5,14.95,1.94,"high_dependence",5,1.875,-4.21208430877308,-4.20851354787712,0.00357076089596031,0.000847742028459166
-1.25,14.95,1.94,"high_dependence",5,1.875,-5.60919938463101,-5.60914873993295,5.06446980539366e-05,9.0288639396027e-06
0,14.95,1.94,"high_dependence",5,1.875,-5.67204876216494,-5.67204829906454,4.63100399805683e-07,8.16460540492469e-08
1.25,14.95,1.94,"high_dependence",5,1.875,-4.27383103014208,-4.27383101542675,1.47153276230938e-08,3.44312339896241e-09
2.5,14.95,1.94,"high_dependence",5,1.875,-1.80617047922768,-1.80617047812656,1.10111741946639e-09,6.0964202002528e-10
3.75,14.95,1.94,"high_dependence",5,1.875,0.591872951186305,0.59187295128495,9.86446480055747e-11,9.86446480055747e-11
-3.75,19.85,1.94,"high_dependence",5,1.875,-3.00274218158338,-2.99291449816189,0.00982768342149143,0.00327290284253082
-2.5,19.85,1.94,"high_dependence",5,1.875,-5.11551580573653,-5.11524642489927,0.000269380837264244,5.26595650358778e-05
-1.25,19.85,1.94,"high_dependence",5,1.875,-6.37961791129927,-6.3796154452989,2.46600037545619e-06,3.86543584544229e-07
0,19.85,1.94,"high_dependence",5,1.875,-6.35544775960957,-6.35544772508188,3.45276900404201e-08,5.43277064754619e-09
1.25,19.85,1.94,"high_dependence",5,1.875,-5.00773870447982,-5.00773870192971,2.55011567418251e-09,5.09234971046158e-10
2.5,19.85,1.94,"high_dependence",5,1.875,-2.55896589396737,-2.55896589365509,3.12279979652885e-10,1.22033662265319e-10
3.75,19.85,1.94,"high_dependence",5,1.875,0.0656508358986425,0.065650835956836,5.81934500587522e-11,5.81934500587522e-11
-3.75,24.75,1.94,"high_dependence",5,1.875,-3.76873983706545,-3.76576329730552,0.00297653975993395,0.000789797090969179
-2.5,24.75,1.94,"high_dependence",5,1.875,-5.82725167935195,-5.8272151552346,3.6524117351e-05,6.26781188813556e-06
-1.25,24.75,1.94,"high_dependence",5,1.875,-6.94948200686666,-6.94948169027662,3.16590037741094e-07,4.55559187617547e-08
0,24.75,1.94,"high_dependence",5,1.875,-6.8552336464835,-6.85523364050574,5.97775962063452e-09,8.71999399130751e-10
1.25,24.75,1.94,"high_dependence",5,1.875,-5.57357904660296,-5.57357904606404,5.38914690650927e-10,9.66909567702983e-11
2.5,24.75,1.94,"high_dependence",5,1.875,-3.20686849368764,-3.20686849356156,1.2608403210379e-10,3.93168701342049e-11
3.75,24.75,1.94,"high_dependence",5,1.875,-0.453433399344657,-0.453433399305622,3.90354415458205e-11,3.90354415458205e-11
-3.75,0.25,2.4,"high_t_low_q",5,1.875,-0.889810494398001,2.96102484757522,3.85083534197322,3.85083534197322
-2.5,0.25,2.4,"high_t_low_q",5,1.875,-1.80928388193503,1.8753127160454,3.68459659798042,2.03649445770763
-1.25,0.25,2.4,"high_t_low_q",5,1.875,-1.84590436055037,0.935678764174606,2.78158312472498,1.50689449798776
0,0.25,2.4,"high_t_low_q",5,1.875,-0.844319097005346,0.569344689579568,1.41366378658491,1.41366378658491
1.25,0.25,2.4,"high_t_low_q",5,1.875,0.760747725672042,0.995236306268174,0.234488580596132,0.234488580596132
2.5,0.25,2.4,"high_t_low_q",5,1.875,1.73682862077748,1.73817895214131,0.001350331363831,0.000777469548622785
3.75,0.25,2.4,"high_t_low_q",5,1.875,2.49986553918393,2.50114825405259,0.00128271486866538,0.000513113544932547
-3.75,5.15,2.4,"high_dependence",5,1.875,-2.22059598810217,-1.11123568270769,1.10936030539448,0.499577731085874
-2.5,5.15,2.4,"high_dependence",5,1.875,-3.98621768519428,-3.42207357596756,0.564144109226717,0.141523658209153
-1.25,5.15,2.4,"high_dependence",5,1.875,-5.33630806434902,-5.22774455131945,0.108563513029573,0.020344311407894
0,5.15,2.4,"high_dependence",5,1.875,-5.53302461839982,-5.5262874100423,0.00673720835752434,0.00121763570961171
1.25,5.15,2.4,"high_dependence",5,1.875,-3.85304145294775,-3.85275786212294,0.000283590824814439,7.36018099668975e-05
2.5,5.15,2.4,"high_dependence",5,1.875,-1.05678479788166,-1.0567785774142,6.22046746201477e-06,5.88621966788678e-06
3.75,5.15,2.4,"high_dependence",5,1.875,1.35170923201838,1.35175828706888,4.90550504999021e-05,3.62911263294789e-05
-3.75,10.05,2.4,"high_dependence",5,1.875,-3.6545663905797,-3.26472077840375,0.389845612175952,0.106673561378129
-2.5,10.05,2.4,"high_dependence",5,1.875,-5.81134427299013,-5.73477334738066,0.0765709256094684,0.0131761124470552
-1.25,10.05,2.4,"high_dependence",5,1.875,-7.46108508252459,-7.45815349082998,0.00293159169460289,0.000392917606779379
0,10.05,2.4,"high_dependence",5,1.875,-7.62525917209628,-7.62520340862125,5.57634750286695e-05,7.31299405962872e-06
1.25,10.05,2.4,"high_dependence",5,1.875,-5.92805757066041,-5.92805537499651,2.19566389780823e-06,3.70385049678866e-07
2.5,10.05,2.4,"high_dependence",5,1.875,-2.82856105574621,-2.82856090833048,1.4741573828303e-07,5.21168662714758e-08
3.75,10.05,2.4,"high_dependence",5,1.875,0.310987368972452,0.310988254123467,8.85151015594943e-07,8.85151015594943e-07
-3.75,14.95,2.4,"high_dependence",5,1.875,-4.83953107609322,-4.74578335274033,0.0937477233528874,0.0193712411138326
-2.5,14.95,2.4,"high_dependence",5,1.875,-7.20949690502662,-7.20212051159882,0.0073763934277995,0.001023149538029
-1.25,14.95,2.4,"high_dependence",5,1.875,-8.76028901217816,-8.76014088597566,0.000148126202503818,1.6908825987122e-05
0,14.95,2.4,"high_dependence",5,1.875,-8.81616923216897,-8.81616783978639,1.3923825861184e-06,1.5793510190773e-07
1.25,14.95,2.4,"high_dependence",5,1.875,-7.19819761592241,-7.19819754446474,7.14576753324536e-08,9.92716220715992e-09
2.5,14.95,2.4,"high_dependence",5,1.875,-4.12358349887541,-4.12358348832023,1.05551745122057e-08,2.55970917409198e-09
3.75,14.95,2.4,"high_dependence",5,1.875,-0.638348391999246,-0.638348384571957,7.42728900604561e-09,7.42728900604561e-09
-3.75,19.85,2.4,"high_dependence",5,1.875,-5.90488475738522,-5.87637257681493,0.0285121805702993,0.00482857527992213
-2.5,19.85,2.4,"high_dependence",5,1.875,-8.2574726090595,-8.25653261746659,0.000939991592916911,0.000113835266239408
-1.25,19.85,2.4,"high_dependence",5,1.875,-9.63882620744347,-9.63881472035307,1.14870903935582e-05,1.1917519982555e-06
0,19.85,2.4,"high_dependence",5,1.875,-9.60460056138325,-9.60460045301062,1.08372635310161e-07,1.12834088848931e-08
1.25,19.85,2.4,"high_dependence",5,1.875,-8.08310399121583,-8.08310398320578,8.01004418349294e-09,9.90961416826718e-10
2.5,19.85,2.4,"high_dependence",5,1.875,-5.13861475747177,-5.13861475578063,1.6911396727437e-09,3.29104194916482e-10
3.75,19.85,2.4,"high_dependence",5,1.875,-1.50883664628567,-1.5088366457991,4.86576112734838e-10,3.22484288761576e-10
-3.75,24.75,2.4,"high_dependence",5,1.875,-6.79734267327751,-6.78882213285252,0.00852054042498906,0.00125351050175622
-2.5,24.75,2.4,"high_dependence",5,1.875,-9.06329775960301,-9.06317236077043,0.000125398832587109,1.38358946062699e-05
-1.25,24.75,2.4,"high_dependence",5,1.875,-10.2769804581788,-10.2769797809603,6.77218460864992e-07,6.58966379882564e-08
0,24.75,2.4,"high_dependence",5,1.875,-10.1705531097214,-10.1705530963325,1.33889237474705e-08,1.3164400798097e-09
1.25,24.75,2.4,"high_dependence",5,1.875,-8.74521576632245,-8.74521576519053,1.13192299977527e-09,1.29433398788658e-10
2.5,24.75,2.4,"high_dependence",5,1.875,-5.9673322239243,-5.96733222355993,3.64371643968298e-10,6.10610621790847e-11
3.75,24.75,2.4,"high_dependence",5,1.875,-2.30975569707092,-2.30975569688415,1.86771487165061e-10,8.08620095198432e-11
