"benchmark","replicate","seed","method","reference_converged","reference_convergence_code","reference_optimization_time","reference_objective","weighted_mae","weighted_rmse","max_abs_err","stress_weight_share","total_weight","n_pairs","theta_ref_1","theta_ref_2","theta_ref_3","theta_ref_4"
"reduced",1,20260410,"spline",TRUE,0,2.52,-169.234125439432,0.00445736865745727,0.0190446661803125,0.149275873830872,0,240,240,6.96815258409894,0.306764056965461,NA,NA
"reduced",1,20260410,"chebyshev",TRUE,0,2.52,-169.234125439432,0.00538376442009284,0.0192418005570787,0.149237487350032,0,240,240,6.96815258409894,0.306764056965461,NA,NA
"reduced",2,20260411,"spline",TRUE,0,2.67,-183.782442739591,0.00208195221013224,0.0118984867203378,0.165795287931968,0,240,240,7.5353115714901,0.346400829334608,NA,NA
"reduced",2,20260411,"chebyshev",TRUE,0,2.67,-183.782442739591,0.00277712368134348,0.0122387693252184,0.165949272697835,0,240,240,7.5353115714901,0.346400829334608,NA,NA
"reduced",3,20260412,"spline",TRUE,0,1.14,-160.195055214242,0.00133923502712825,0.00760695962086783,0.110394812474766,0,240,240,6.80274201778614,0.25672600516822,NA,NA
"reduced",3,20260412,"chebyshev",TRUE,0,1.14,-160.195055214242,0.00188900618729884,0.00782754322460303,0.110340513181356,0,240,240,6.80274201778614,0.25672600516822,NA,NA
"reduced",4,20260413,"spline",TRUE,0,10.98,-150.304593005337,0.00316450839514739,0.0161269321284657,0.130936876466167,0,240,240,6.21356454619411,0.329454667227945,NA,NA
"reduced",4,20260413,"chebyshev",TRUE,0,10.98,-150.304593005337,0.00399096483949644,0.0164227855640027,0.131672715603845,0,240,240,6.21356454619411,0.329454667227945,NA,NA
"reduced",5,20260414,"spline",TRUE,0,0.390000000000001,-161.727902248039,0.000117412023725971,0.000282033666628107,0.00156283567720761,0,240,240,7.12466451943512,0.05,NA,NA
"reduced",5,20260414,"chebyshev",TRUE,0,0.390000000000001,-161.727902248039,0.00134026188975981,0.00237159906825259,0.00836153719041876,0,240,240,7.12466451943512,0.05,NA,NA
"reduced",6,20260415,"spline",TRUE,0,3.24,-175.049552611007,0.000711087863816234,0.00130836086008783,0.0106464755696809,0,240,240,7.38902885101526,0.199061517776096,NA,NA
"reduced",6,20260415,"chebyshev",TRUE,0,3.24,-175.049552611007,0.00135387015027252,0.00265700478183532,0.0130262301695068,0,240,240,7.38902885101526,0.199061517776096,NA,NA
"reduced",7,20260416,"spline",TRUE,0,5.38,-117.607614513716,0.00272200428850949,0.0129530977388175,0.118493440265536,0,240,240,5.42858081005822,0.263065366641633,NA,NA
"reduced",7,20260416,"chebyshev",TRUE,0,5.38,-117.607614513716,0.00324602144192622,0.0128890207634878,0.110489459713976,0,240,240,5.42858081005822,0.263065366641633,NA,NA
"reduced",8,20260417,"spline",TRUE,0,0.530000000000001,-119.472278222515,0.000273069920368885,0.000953184550748576,0.00910128398563925,0,240,240,5.64285347158032,0.0548730282638091,NA,NA
"reduced",8,20260417,"chebyshev",TRUE,0,0.530000000000001,-119.472278222515,0.0015128364713265,0.00288707753416033,0.0112087231041508,0,240,240,5.64285347158032,0.0548730282638091,NA,NA
"reduced",9,20260418,"spline",TRUE,0,2.05,-121.038964304279,0.00702553887413216,0.0561654316818379,0.609812669436312,0,240,240,5.3653398687601,0.306151821587205,NA,NA
"reduced",9,20260418,"chebyshev",TRUE,0,2.05,-121.038964304279,0.00758241161276371,0.0536061295355217,0.580862170179479,0,240,240,5.3653398687601,0.306151821587205,NA,NA
"reduced",10,20260419,"spline",TRUE,0,0.5,-123.053956490494,0.000634172629462467,0.00149089520824467,0.0130901881807198,0,240,240,5.77964701972592,0.118765829035847,NA,NA
"reduced",10,20260419,"chebyshev",TRUE,0,0.5,-123.053956490494,0.0010502766650654,0.00240913648487332,0.0186327752919661,0,240,240,5.77964701972592,0.118765829035847,NA,NA
"reduced",11,20260420,"spline",TRUE,0,0.93,-145.020736276064,0.00278375366910394,0.0160110723976774,0.151374309299208,0,240,240,6.33213077498586,0.235970295637138,NA,NA
"reduced",11,20260420,"chebyshev",TRUE,0,0.93,-145.020736276064,0.00367909056110756,0.0161844158969296,0.151152122264988,0,240,240,6.33213077498586,0.235970295637138,NA,NA
"reduced",12,20260421,"spline",TRUE,0,1.23,-129.706912911367,0.00512372239403795,0.0268483103581441,0.226639809128345,0,240,240,5.76503757451327,0.274375076495498,NA,NA
"reduced",12,20260421,"chebyshev",TRUE,0,1.23,-129.706912911367,0.00567505188186405,0.027014309014531,0.228028516795472,0,240,240,5.76503757451327,0.274375076495498,NA,NA
"reduced",13,20260422,"spline",TRUE,0,6.22,-120.317579670723,0.00357934999031854,0.0202001116119867,0.203823492675421,0.00833333333333333,240,240,5.43252719195568,0.300644854254296,NA,NA
"reduced",13,20260422,"chebyshev",TRUE,0,6.22,-120.317579670723,0.00441132856483799,0.0204111256173057,0.204255672347227,0.00833333333333333,240,240,5.43252719195568,0.300644854254296,NA,NA
"reduced",14,20260423,"spline",TRUE,0,4.01,-145.430712508364,0.0022132132457238,0.0134831942957608,0.195096904249925,0,240,240,5.9403922661163,0.440445937017882,NA,NA
"reduced",14,20260423,"chebyshev",TRUE,0,4.01,-145.430712508364,0.00303740153761435,0.013684811726184,0.194992516470035,0,240,240,5.9403922661163,0.440445937017882,NA,NA
"reduced",15,20260424,"spline",TRUE,0,2.34,-162.282981294555,0.00366686737552214,0.0160779671408848,0.110214772553934,0,240,240,6.69670363798137,0.342655594949894,NA,NA
"reduced",15,20260424,"chebyshev",TRUE,0,2.34,-162.282981294555,0.00454318051402426,0.0162981059052731,0.109432964688685,0,240,240,6.69670363798137,0.342655594949894,NA,NA
"reduced",16,20260425,"spline",FALSE,52,10.58,NA,NA,NA,NA,NA,NA,NA,NA,NA,NA,NA
"reduced",16,20260425,"chebyshev",FALSE,52,10.58,NA,NA,NA,NA,NA,NA,NA,NA,NA,NA,NA
"reduced",17,20260426,"spline",FALSE,52,12.38,NA,NA,NA,NA,NA,NA,NA,NA,NA,NA,NA
"reduced",17,20260426,"chebyshev",FALSE,52,12.38,NA,NA,NA,NA,NA,NA,NA,NA,NA,NA,NA
"reduced",18,20260427,"spline",TRUE,0,2.7,-118.893839983347,0.00116406321684372,0.00455589057221379,0.0504899350992447,0,240,240,5.34992526187421,0.353321977477837,NA,NA
"reduced",18,20260427,"chebyshev",TRUE,0,2.7,-118.893839983347,0.00239002321878843,0.00568560937436964,0.0505950898005038,0,240,240,5.34992526187421,0.353321977477837,NA,NA
"reduced",19,20260428,"spline",TRUE,0,3.69,-132.864409963445,0.00448242997696584,0.0399877817791735,0.44764278480051,0,240,240,5.47311675426817,0.440455201915036,NA,NA
"reduced",19,20260428,"chebyshev",TRUE,0,3.69,-132.864409963445,0.00522214783480948,0.0400670333564685,0.447952118134926,0,240,240,5.47311675426817,0.440455201915036,NA,NA
"reduced",20,20260429,"spline",TRUE,0,3.38999999999999,-173.639962938838,0.0032693369195261,0.0159935000617103,0.140523717817997,0,240,240,7.32365193510552,0.295310907847391,NA,NA
"reduced",20,20260429,"chebyshev",TRUE,0,3.38999999999999,-173.639962938838,0.00430308613943691,0.0162741630751646,0.141245166651821,0,240,240,7.32365193510552,0.295310907847391,NA,NA
"reduced",21,20260430,"spline",TRUE,0,2.54000000000001,-164.772078168931,0.00171625258925884,0.00909963311192831,0.097219436573116,0.00833333333333333,240,240,6.56275012147836,0.409745456618745,NA,NA
"reduced",21,20260430,"chebyshev",TRUE,0,2.54000000000001,-164.772078168931,0.00258394877504237,0.00961822880421211,0.0982048295058136,0.00833333333333333,240,240,6.56275012147836,0.409745456618745,NA,NA
"reduced",22,20260431,"spline",TRUE,0,1.34,-106.026085328534,0.00489315813734927,0.023674673362601,0.207770428956633,0.00833333333333333,240,240,5.08696634593075,0.23994523639622,NA,NA
"reduced",22,20260431,"chebyshev",TRUE,0,1.34,-106.026085328534,0.00561990164307036,0.0241872809582916,0.207872133389396,0.00833333333333333,240,240,5.08696634593075,0.23994523639622,NA,NA
"reduced",23,20260432,"spline",TRUE,0,2.36,-139.566037561549,0.00410337171710596,0.0261580872839544,0.27803826233362,0.00833333333333333,240,240,6.04414882444571,0.324600244833493,NA,NA
"reduced",23,20260432,"chebyshev",TRUE,0,2.36,-139.566037561549,0.00482793256520773,0.026077805696781,0.278380822265604,0.00833333333333333,240,240,6.04414882444571,0.324600244833493,NA,NA
"reduced",24,20260433,"spline",TRUE,0,3.42,-148.467463609047,0.00182596744660882,0.00769851362577668,0.0941883433057604,0,240,240,5.97633220359562,0.446559007868585,NA,NA
"reduced",24,20260433,"chebyshev",TRUE,0,3.42,-148.467463609047,0.00309596451260268,0.00848326577531453,0.0907078240652628,0,240,240,5.97633220359562,0.446559007868585,NA,NA
"reduced",25,20260434,"spline",TRUE,0,0.870000000000005,-121.519508203022,0.00996417867902252,0.0874501706481004,0.948363244989481,0,240,240,5.6688906850237,0.222675861047526,NA,NA
"reduced",25,20260434,"chebyshev",TRUE,0,0.870000000000005,-121.519508203022,0.0103538170588235,0.0873930166277686,0.94750735973508,0,240,240,5.6688906850237,0.222675861047526,NA,NA
"reduced",26,20260435,"spline",TRUE,0,3.06,-147.544619559956,0.00571653365013151,0.0294483111074247,0.294930589717976,0,240,240,6.02924339951793,0.360892249893196,NA,NA
"reduced",26,20260435,"chebyshev",TRUE,0,3.06,-147.544619559956,0.00671329675097542,0.0296499954429417,0.295332520506594,0,240,240,6.02924339951793,0.360892249893196,NA,NA
"reduced",27,20260436,"spline",TRUE,0,3.47,-120.289774880975,0.00641611277764302,0.0451092681239144,0.458546036086295,0.00833333333333333,240,240,5.17099337330116,0.415232067245156,NA,NA
"reduced",27,20260436,"chebyshev",TRUE,0,3.47,-120.289774880975,0.00804927034084899,0.0454242760376468,0.457860492310183,0.00833333333333333,240,240,5.17099337330116,0.415232067245156,NA,NA
"reduced",28,20260437,"spline",TRUE,0,2.24000000000001,-132.812283537407,0.00657833232827949,0.0406770985680984,0.404877614061947,0,240,240,5.76837355690527,0.336125553506937,NA,NA
"reduced",28,20260437,"chebyshev",TRUE,0,2.24000000000001,-132.812283537407,0.00772491680500611,0.0406771620870841,0.404065907313252,0,240,240,5.76837355690527,0.336125553506937,NA,NA
"reduced",29,20260438,"spline",TRUE,0,2.31,-163.275841148783,0.00726927794783622,0.0447231562683856,0.347340579392563,0.00833333333333333,240,240,6.81713819943646,0.2851391918731,NA,NA
"reduced",29,20260438,"chebyshev",TRUE,0,2.31,-163.275841148783,0.00794768916209149,0.0444509533013114,0.343451890163461,0.00833333333333333,240,240,6.81713819943646,0.2851391918731,NA,NA
"reduced",30,20260439,"spline",TRUE,0,2.62,-142.39744235001,0.00302481375762811,0.0165863683372889,0.165732510694454,0,240,240,6.06658916424456,0.388573587334982,NA,NA
"reduced",30,20260439,"chebyshev",TRUE,0,2.62,-142.39744235001,0.00421231165647412,0.0169079023806497,0.166620544482643,0,240,240,6.06658916424456,0.388573587334982,NA,NA
"reduced",31,20260440,"spline",TRUE,0,0.760000000000005,-142.805709547147,0.000826337080787496,0.00395393279181286,0.0342414387790768,0,240,240,6.41844226188473,0.103344126138348,NA,NA
"reduced",31,20260440,"chebyshev",TRUE,0,0.760000000000005,-142.805709547147,0.0013720735417123,0.00425892567262857,0.034173359280004,0,240,240,6.41844226188473,0.103344126138348,NA,NA
"reduced",32,20260441,"spline",TRUE,0,2.33000000000001,-197.739994397924,0.008355465638595,0.0548388739601153,0.576726641363931,0,240,240,8.16243283440132,0.296470624279423,NA,NA
"reduced",32,20260441,"chebyshev",TRUE,0,2.33000000000001,-197.739994397924,0.00906124476708125,0.0549093624660677,0.577301807529504,0,240,240,8.16243283440132,0.296470624279423,NA,NA
"reduced",33,20260442,"spline",TRUE,0,3.83,-160.87235203983,0.00177915273157376,0.0107739480911137,0.14426390560668,0,240,240,6.59129097340971,0.331415276294368,NA,NA
"reduced",33,20260442,"chebyshev",TRUE,0,3.83,-160.87235203983,0.0024990383455256,0.011072079468364,0.144670205832434,0,240,240,6.59129097340971,0.331415276294368,NA,NA
"reduced",34,20260443,"spline",TRUE,0,4.72,-104.237005077077,0.003836871721711,0.0191889006746046,0.211808532640061,0,240,240,4.75144801796474,0.456690328303308,NA,NA
"reduced",34,20260443,"chebyshev",TRUE,0,4.72,-104.237005077077,0.00476755712048535,0.0194066461385852,0.212253609326203,0,240,240,4.75144801796474,0.456690328303308,NA,NA
"reduced",35,20260444,"spline",TRUE,0,4.12,-138.09235240272,0.00240805593061572,0.0110556946030464,0.136195141785264,0,240,240,5.82675003202351,0.355307679520759,NA,NA
"reduced",35,20260444,"chebyshev",TRUE,0,4.12,-138.09235240272,0.00374514719931283,0.0116478101015103,0.136510733042782,0,240,240,5.82675003202351,0.355307679520759,NA,NA
"reduced",36,20260445,"spline",TRUE,0,4.06999999999999,-178.149596842254,0.00393016698666262,0.0215008587423571,0.223420579394211,0,240,240,7.06643246038373,0.411189672182226,NA,NA
"reduced",36,20260445,"chebyshev",TRUE,0,4.06999999999999,-178.149596842254,0.00506260209348399,0.0217966340975886,0.223147193892893,0,240,240,7.06643246038373,0.411189672182226,NA,NA
"reduced",37,20260446,"spline",TRUE,0,3.17999999999999,-138.064680409843,0.00398333549858367,0.0271306087461865,0.281530941479657,0.00833333333333333,240,240,5.8727250348919,0.370184798639794,NA,NA
"reduced",37,20260446,"chebyshev",TRUE,0,3.17999999999999,-138.064680409843,0.00505272004477605,0.0273433309108183,0.282122851195067,0.00833333333333333,240,240,5.8727250348919,0.370184798639794,NA,NA
"reduced",38,20260447,"spline",TRUE,0,3.69999999999999,-166.897227518639,0.0125418694057791,0.0962220453668025,1.03581761059223,0.00833333333333333,240,240,6.54930366841554,0.481900078113815,NA,NA
"reduced",38,20260447,"chebyshev",TRUE,0,3.69999999999999,-166.897227518639,0.0137291752679182,0.0961182833343288,1.03457274244489,0.00833333333333333,240,240,6.54930366841554,0.481900078113815,NA,NA
"reduced",39,20260448,"spline",TRUE,0,2.88999999999999,-151.076434571604,0.0112284095505652,0.0831428342141846,0.881327808271278,0.00833333333333333,240,240,5.85761241782096,0.592454646607433,NA,NA
"reduced",39,20260448,"chebyshev",TRUE,0,2.88999999999999,-151.076434571604,0.0128713704816273,0.0833078630241285,0.88104629221361,0.00833333333333333,240,240,5.85761241782096,0.592454646607433,NA,NA
"reduced",40,20260449,"spline",TRUE,0,3.03,-134.262561092776,0.0183998024529041,0.116692019885515,0.956157978100743,0.00833333333333333,240,240,5.79031325471903,0.329478392277176,NA,NA
"reduced",40,20260449,"chebyshev",TRUE,0,3.03,-134.262561092776,0.0198542994433871,0.1168245463811,0.957023193661261,0.00833333333333333,240,240,5.79031325471903,0.329478392277176,NA,NA
"reduced",41,20260450,"spline",TRUE,0,2.87,-182.284499825736,0.00902217402075866,0.0517833838834059,0.488311716031927,0.0166666666666667,240,240,7.21237608952727,0.283617380174159,NA,NA
"reduced",41,20260450,"chebyshev",TRUE,0,2.87,-182.284499825736,0.00974849070764201,0.0533355907459081,0.508485390791727,0.0166666666666667,240,240,7.21237608952727,0.283617380174159,NA,NA
"reduced",42,20260451,"spline",TRUE,0,2.06,-169.548633550563,0.00253803853994247,0.0136519734203495,0.129254463730231,0,240,240,7.07477918423705,0.334074604186382,NA,NA
"reduced",42,20260451,"chebyshev",TRUE,0,2.06,-169.548633550563,0.00396432988909097,0.0140268851524431,0.128797799886677,0,240,240,7.07477918423705,0.334074604186382,NA,NA
"reduced",43,20260452,"spline",TRUE,0,2.42000000000002,-164.717752982873,0.00441466052952412,0.031115869802449,0.329908663537939,0.00833333333333333,240,240,6.75213720460949,0.295177981146797,NA,NA
"reduced",43,20260452,"chebyshev",TRUE,0,2.42000000000002,-164.717752982873,0.00541006822529291,0.031543870789154,0.333672348318896,0.00833333333333333,240,240,6.75213720460949,0.295177981146797,NA,NA
"reduced",44,20260453,"spline",TRUE,0,3.13999999999999,-124.602052383063,0.00244396748503999,0.00958863613644383,0.0831887656768699,0,240,240,5.42242572788401,0.317621899047351,NA,NA
"reduced",44,20260453,"chebyshev",TRUE,0,3.13999999999999,-124.602052383063,0.00379916761428858,0.0106623584104295,0.0857362333243499,0,240,240,5.42242572788401,0.317621899047351,NA,NA
"reduced",45,20260454,"spline",FALSE,52,23.71,NA,NA,NA,NA,NA,NA,NA,NA,NA,NA,NA
"reduced",45,20260454,"chebyshev",FALSE,52,23.71,NA,NA,NA,NA,NA,NA,NA,NA,NA,NA,NA
"reduced",46,20260455,"spline",TRUE,0,2.66,-110.535176970042,0.0107048828595623,0.0490486007613763,0.319100273359172,0.00833333333333333,240,240,5.01012502993906,0.373352578643564,NA,NA
"reduced",46,20260455,"chebyshev",TRUE,0,2.66,-110.535176970042,0.0120771978152574,0.0483636077350095,0.32055352584261,0.00833333333333333,240,240,5.01012502993906,0.373352578643564,NA,NA
"reduced",47,20260456,"spline",TRUE,0,2.16,-166.677466199001,0.00733789547846201,0.0564842208197884,0.59131879532077,0,240,240,6.88368652036401,0.315234180703547,NA,NA
"reduced",47,20260456,"chebyshev",TRUE,0,2.16,-166.677466199001,0.00823557883691994,0.0565472080710067,0.591581110564031,0,240,240,6.88368652036401,0.315234180703547,NA,NA
"reduced",48,20260457,"spline",TRUE,0,1.07000000000002,-157.795502195693,0.00568909382817901,0.0321840757552501,0.389779612105905,0,240,240,6.81420434219609,0.202905652421403,NA,NA
"reduced",48,20260457,"chebyshev",TRUE,0,1.07000000000002,-157.795502195693,0.00634540936089954,0.032270457703494,0.390143414930627,0,240,240,6.81420434219609,0.202905652421403,NA,NA
"reduced",49,20260458,"spline",TRUE,0,1.03,-134.355569733835,0.00289342259337987,0.0131780483465731,0.110684616029158,0,240,240,5.9863606806141,0.228323552621947,NA,NA
"reduced",49,20260458,"chebyshev",TRUE,0,1.03,-134.355569733835,0.00422815538910983,0.0136079684135956,0.110764227849845,0,240,240,5.9863606806141,0.228323552621947,NA,NA
"reduced",50,20260459,"spline",TRUE,0,2.22,-153.747265748417,0.0141992777349261,0.0882862752779577,0.833249363437498,0,240,240,6.4240663516826,0.358130483538266,NA,NA
"reduced",50,20260459,"chebyshev",TRUE,0,2.22,-153.747265748417,0.0156963362179847,0.0943872115856573,0.908145982693605,0,240,240,6.4240663516826,0.358130483538266,NA,NA
"practical",1,20261001,"spline",TRUE,0,20.22,-163.621875242993,0.0146115821935817,0.0768801957244477,0.681599637529668,0,240,240,-0.197184088985398,0.602264317712115,6.71325222580336,0.319002218659857
"practical",1,20261001,"chebyshev",TRUE,0,20.22,-163.621875242993,0.0158117127983635,0.0773418542130496,0.682339375454553,0,240,240,-0.197184088985398,0.602264317712115,6.71325222580336,0.319002218659857
"practical",2,20261002,"spline",TRUE,0,9.13999999999999,-139.452082854669,0.013904547722099,0.0721788608526776,0.612337933194552,0,240,240,-0.37719023920477,1.23562580268447,5.42902956190589,0.390437402572102
"practical",2,20261002,"chebyshev",TRUE,0,9.13999999999999,-139.452082854669,0.0151247656622916,0.0722865530465657,0.61230555185054,0,240,240,-0.37719023920477,1.23562580268447,5.42902956190589,0.390437402572102
"practical",3,20261003,"spline",TRUE,0,10.21,-140.982903401817,0.00242449091510029,0.0215431437377378,0.328478953119059,0,240,240,-0.520020408722507,1.10597746881924,5.57380949235775,0.372137744453318
"practical",3,20261003,"chebyshev",TRUE,0,10.21,-140.982903401817,0.00348773917844617,0.0217940934161272,0.329148398090451,0,240,240,-0.520020408722507,1.10597746881924,5.57380949235775,0.372137744453318
"practical",4,20261004,"spline",TRUE,0,6.44999999999999,-174.559214240816,0.0128434163902258,0.0781341112319602,0.6761658397859,0,240,240,-0.268099739912072,0.963331724740431,6.81874259388371,0.318272085895019
"practical",4,20261004,"chebyshev",TRUE,0,6.44999999999999,-174.559214240816,0.0138492521364423,0.078176920231941,0.676242412912541,0,240,240,-0.268099739912072,0.963331724740431,6.81874259388371,0.318272085895019
"practical",5,20261005,"spline",TRUE,0,4.94,-130.765980838462,0.000612259492593662,0.0010158820231785,0.00746094549745949,0,240,240,-0.326685809260782,0.757764627764458,5.74242761357386,0.268867910622648
"practical",5,20261005,"chebyshev",TRUE,0,4.94,-130.765980838462,0.00144372607227851,0.00261336154858529,0.0125699054891629,0,240,240,-0.326685809260782,0.757764627764458,5.74242761357386,0.268867910622648
"practical",6,20261006,"spline",TRUE,0,8.03,-154.981126302284,0.00924488141107288,0.057756867519319,0.580325256849482,0,240,240,-0.532156579745687,1.06972124725771,5.98012919742103,0.411827499206818
"practical",6,20261006,"chebyshev",TRUE,0,8.03,-154.981126302284,0.0102704152963032,0.057823027679424,0.580912933245661,0,240,240,-0.532156579745687,1.06972124725771,5.98012919742103,0.411827499206818
"practical",7,20261007,"spline",TRUE,0,9.59999999999999,-178.216125691506,0.00262960412847818,0.0173115744184092,0.154761524328599,0,240,240,-0.460820181590879,1.0942273785375,6.83057514622325,0.481473137427513
"practical",7,20261007,"chebyshev",TRUE,0,9.59999999999999,-178.216125691506,0.00409502139696152,0.0177030188952751,0.154873489009434,0,240,240,-0.460820181590879,1.0942273785375,6.83057514622325,0.481473137427513
"practical",8,20261008,"spline",TRUE,0,7.19999999999999,-99.1580090165922,0.0142145625521506,0.067992493374395,0.441572273576663,0,240,240,-0.250117010658896,0.728193093289386,4.38754547737899,0.405087983304145
"practical",8,20261008,"chebyshev",TRUE,0,7.19999999999999,-99.1580090165922,0.0153938743416581,0.0681264251115055,0.441243928982851,0,240,240,-0.250117010658896,0.728193093289386,4.38754547737899,0.405087983304145
"practical",9,20261009,"spline",TRUE,0,9.06,-149.572848314415,0.00172323856811629,0.00837147633701923,0.0699439785317698,0,240,240,-0.473799883425447,1.18659794849227,5.84041190543748,0.354306343058312
"practical",9,20261009,"chebyshev",TRUE,0,9.06,-149.572848314415,0.00281366603917406,0.00895592918605372,0.070354060588934,0,240,240,-0.473799883425447,1.18659794849227,5.84041190543748,0.354306343058312
"practical",10,20261010,"spline",TRUE,0,8.08999999999997,-155.392879150261,0.00391309268990927,0.0227063276928982,0.205036959432341,0,240,240,-0.388091574213175,0.896103962838192,6.31014415900847,0.378238930643516
"practical",10,20261010,"chebyshev",TRUE,0,8.08999999999997,-155.392879150261,0.00520736647162169,0.0229471111355206,0.204252696903228,0,240,240,-0.388091574213175,0.896103962838192,6.31014415900847,0.378238930643516
"practical",11,20261011,"spline",FALSE,52,32.92,NA,NA,NA,NA,NA,NA,NA,NA,NA,NA,NA
"practical",11,20261011,"chebyshev",FALSE,52,32.92,NA,NA,NA,NA,NA,NA,NA,NA,NA,NA,NA
"practical",12,20261012,"spline",TRUE,0,6.16000000000003,-146.841715920798,0.00223399520125782,0.010157944635775,0.0899251739351103,0,240,240,-0.248308236907597,0.799470633877567,6.12346098666797,0.237024625133327
"practical",12,20261012,"chebyshev",TRUE,0,6.16000000000003,-146.841715920798,0.00311514243282425,0.0105885076228186,0.0908551575194103,0,240,240,-0.248308236907597,0.799470633877567,6.12346098666797,0.237024625133327
"practical",13,20261013,"spline",TRUE,0,44,-176.450007591071,0.00493656134329548,0.0332482197889778,0.323477774558026,0,240,240,-0.384384461865718,0.878551755540235,6.74687769949791,0.343001937483295
"practical",13,20261013,"chebyshev",TRUE,0,44,-176.450007591071,0.00610893153973427,0.0334785280109844,0.323968550058452,0,240,240,-0.384384461865718,0.878551755540235,6.74687769949791,0.343001937483295
"practical",14,20261014,"spline",TRUE,0,8.77999999999997,-190.700122487454,0.00211825555768519,0.0102868360130697,0.084388098978849,0,240,240,-0.39975335380766,1.30076318847654,6.98250930849706,0.365244235206758
"practical",14,20261014,"chebyshev",TRUE,0,8.77999999999997,-190.700122487454,0.00275251093327872,0.0104141778555818,0.0834301302862064,0,240,240,-0.39975335380766,1.30076318847654,6.98250930849706,0.365244235206758
"practical",15,20261015,"spline",TRUE,0,4.56999999999999,-190.516802536149,0.00232700531764082,0.0157994063341934,0.170456945472412,0,240,240,-0.748111066775355,1.22905746817063,7.59071574948003,0.204257071818044
"practical",15,20261015,"chebyshev",TRUE,0,4.56999999999999,-190.516802536149,0.00332238865591886,0.0161445759432525,0.171208365191433,0,240,240,-0.748111066775355,1.22905746817063,7.59071574948003,0.204257071818044
"practical",16,20261016,"spline",TRUE,0,56.08,-161.814817282923,0.0050448467512388,0.0271713619237032,0.257455089298568,0.00833333333333333,240,240,-0.500741739885835,1.250914665833,5.92653092229691,0.443409210788643
"practical",16,20261016,"chebyshev",TRUE,0,56.08,-161.814817282923,0.00654072176998338,0.0317853037776921,0.314761012881039,0.00833333333333333,240,240,-0.500741739885835,1.250914665833,5.92653092229691,0.443409210788643
"practical",17,20261017,"spline",TRUE,0,5.21000000000004,-194.623425306891,0.00256986931082924,0.0172835869727843,0.167232217120061,0,240,240,-0.203771927981009,0.366312453901766,7.92670991281842,0.304092446764763
"practical",17,20261017,"chebyshev",TRUE,0,5.21000000000004,-194.623425306891,0.00332438302752277,0.0183852817869807,0.167621720587712,0,240,240,-0.203771927981009,0.366312453901766,7.92670991281842,0.304092446764763
"practical",18,20261018,"spline",FALSE,52,32.33,NA,NA,NA,NA,NA,NA,NA,NA,NA,NA,NA
"practical",18,20261018,"chebyshev",FALSE,52,32.33,NA,NA,NA,NA,NA,NA,NA,NA,NA,NA,NA
"practical",19,20261019,"spline",FALSE,52,19.84,NA,NA,NA,NA,NA,NA,NA,NA,NA,NA,NA
"practical",19,20261019,"chebyshev",FALSE,52,19.84,NA,NA,NA,NA,NA,NA,NA,NA,NA,NA,NA
"practical",20,20261020,"spline",TRUE,0,8.30000000000001,-130.768825598082,0.00335426758156035,0.0209370368470866,0.210865669271341,0,240,240,-0.286195368007193,0.775135963253336,5.44131104719976,0.378675750857071
"practical",20,20261020,"chebyshev",TRUE,0,8.30000000000001,-130.768825598082,0.00429458987859445,0.0210893961586082,0.21054167958859,0,240,240,-0.286195368007193,0.775135963253336,5.44131104719976,0.378675750857071
"practical",21,20261021,"spline",TRUE,0,7.77999999999997,-180.893250311041,0.00317868291430141,0.0151924468868724,0.128126836373396,0,240,240,-0.286720856426299,1.14149207961404,6.8413229513479,0.301109491331309
"practical",21,20261021,"chebyshev",TRUE,0,7.77999999999997,-180.893250311041,0.00374255908962626,0.015287846777942,0.127915439557154,0,240,240,-0.286720856426299,1.14149207961404,6.8413229513479,0.301109491331309
"practical",22,20261022,"spline",TRUE,0,8.84999999999997,-109.881485825216,0.0226896180614377,0.116169347167129,0.831250651385352,0.00833333333333333,240,240,-0.435612880409171,0.770742404903442,4.52061650935713,0.453445756971967
"practical",22,20261022,"chebyshev",TRUE,0,8.84999999999997,-109.881485825216,0.0234491365552231,0.115059990129621,0.811836650800831,0.00833333333333333,240,240,-0.435612880409171,0.770742404903442,4.52061650935713,0.453445756971967
"practical",23,20261023,"spline",TRUE,0,6.90999999999997,-153.590395151294,0.00155867351157165,0.00661349223923481,0.0598080753625685,0,240,240,-0.0178175447252525,0.619127846651166,6.14425934577729,0.27521254102603
"practical",23,20261023,"chebyshev",TRUE,0,6.90999999999997,-153.590395151294,0.00247401681493436,0.00768229236278874,0.0598716412590306,0,240,240,-0.0178175447252525,0.619127846651166,6.14425934577729,0.27521254102603
"practical",24,20261024,"spline",FALSE,52,30.73,NA,NA,NA,NA,NA,NA,NA,NA,NA,NA,NA
"practical",24,20261024,"chebyshev",FALSE,52,30.73,NA,NA,NA,NA,NA,NA,NA,NA,NA,NA,NA
"practical",25,20261025,"spline",TRUE,0,9.19000000000005,-169.562002813837,0.00155696107709962,0.00772729358550048,0.108952302836067,0,240,240,-0.253221397929491,0.73351699924252,6.72018754601102,0.304735705918057
"practical",25,20261025,"chebyshev",TRUE,0,9.19000000000005,-169.562002813837,0.00241579651045257,0.00798338250471679,0.108975268876139,0,240,240,-0.253221397929491,0.73351699924252,6.72018754601102,0.304735705918057
"practical",26,20261026,"spline",TRUE,0,12.71,-169.176873917497,0.00275199857629912,0.0128885866300124,0.123740382871142,0.00833333333333333,240,240,-0.251197941543689,0.705409839270073,6.93518606339098,0.281582139196981
"practical",26,20261026,"chebyshev",TRUE,0,12.71,-169.176873917497,0.00373069023715688,0.0131777598473898,0.123601969303596,0.00833333333333333,240,240,-0.251197941543689,0.705409839270073,6.93518606339098,0.281582139196981
"practical",27,20261027,"spline",TRUE,0,11.11,-148.827502357804,0.00580212927916502,0.0394405045298231,0.387033248214923,0,240,240,-0.642450291664367,1.18090021644581,6.06899702854194,0.277555626410512
"practical",27,20261027,"chebyshev",TRUE,0,11.11,-148.827502357804,0.00640203677687351,0.0394790347578126,0.387188187936822,0,240,240,-0.642450291664367,1.18090021644581,6.06899702854194,0.277555626410512
"practical",28,20261028,"spline",FALSE,52,16.75,NA,NA,NA,NA,NA,NA,NA,NA,NA,NA,NA
"practical",28,20261028,"chebyshev",FALSE,52,16.75,NA,NA,NA,NA,NA,NA,NA,NA,NA,NA,NA
"practical",29,20261029,"spline",TRUE,0,25.5799999999999,-185.449628487202,0.0126450837322278,0.0828624373821018,0.863665141560798,0,240,240,-0.371694945967694,0.990348015357274,6.77601096782532,0.465932185131229
"practical",29,20261029,"chebyshev",TRUE,0,25.5799999999999,-185.449628487202,0.0137620922541444,0.0829576271265741,0.863865077786071,0,240,240,-0.371694945967694,0.990348015357274,6.77601096782532,0.465932185131229
"practical",30,20261030,"spline",TRUE,0,41.25,-165.214135840931,0.0018653772123184,0.0144399483889372,0.220876823280608,0.00833333333333333,240,240,-0.508542640341814,1.12869748750317,6.14954895588679,0.457124533500284
"practical",30,20261030,"chebyshev",TRUE,0,41.25,-165.214135840931,0.00313850237964934,0.0150393129853828,0.220434030775927,0.00833333333333333,240,240,-0.508542640341814,1.12869748750317,6.14954895588679,0.457124533500284
"practical",31,20261031,"spline",TRUE,0,12.61,-123.568603938365,0.0087017748909463,0.0444621792502143,0.48173287918575,0.00833333333333333,240,240,-0.41351324794352,0.837070048935127,5.03704633256026,0.445011960593558
"practical",31,20261031,"chebyshev",TRUE,0,12.61,-123.568603938365,0.00983447205169333,0.0445205364447354,0.480964725744712,0.00833333333333333,240,240,-0.41351324794352,0.837070048935127,5.03704633256026,0.445011960593558
"practical",32,20261032,"spline",TRUE,0,13.03,-162.259193657803,0.0059042738601486,0.0262668050933924,0.167961071937524,0.00833333333333333,240,240,-0.154256604872149,0.696311474345287,6.38701841409629,0.356745956743961
"practical",32,20261032,"chebyshev",TRUE,0,13.03,-162.259193657803,0.0068060676905163,0.0263624077496046,0.16567671866164,0.00833333333333333,240,240,-0.154256604872149,0.696311474345287,6.38701841409629,0.356745956743961
"practical",33,20261033,"spline",TRUE,0,4.19000000000005,-149.198029374196,0.000979895480991914,0.0031582310394347,0.0370387471366456,0,240,240,-0.411421078602009,1.10256674799236,6.06878502459577,0.175449189204414
"practical",33,20261033,"chebyshev",TRUE,0,4.19000000000005,-149.198029374196,0.00165018304565235,0.00403327594387409,0.0367191475368322,0,240,240,-0.411421078602009,1.10256674799236,6.06878502459577,0.175449189204414
"practical",34,20261034,"spline",TRUE,0,9.59000000000003,-126.731679321515,0.0138967524784292,0.0947833461873335,0.844061414855833,0,240,240,-0.396923161232519,1.06274597304959,5.22617631290236,0.267985461566443
"practical",34,20261034,"chebyshev",TRUE,0,9.59000000000003,-126.731679321515,0.0144141925998749,0.0950047328504604,0.846320255949025,0,240,240,-0.396923161232519,1.06274597304959,5.22617631290236,0.267985461566443
"practical",35,20261035,"spline",TRUE,0,24.24,-173.310829261673,0.00405014092124738,0.0231196252308147,0.284063301228897,0,240,240,-0.355670229921394,0.921520095551084,6.45189468474798,0.392849110011012
"practical",35,20261035,"chebyshev",TRUE,0,24.24,-173.310829261673,0.00574811272008418,0.0235183343207779,0.28333508577282,0,240,240,-0.355670229921394,0.921520095551084,6.45189468474798,0.392849110011012
"practical",36,20261036,"spline",TRUE,0,5.23000000000002,-177.697840135694,0.00411439595944531,0.0247740853550479,0.236035201983662,0,240,240,-0.172490685297421,0.69615431119895,7.25133865375698,0.210693356702844
"practical",36,20261036,"chebyshev",TRUE,0,5.23000000000002,-177.697840135694,0.00483804686249184,0.0248096654296431,0.235754276783274,0,240,240,-0.172490685297421,0.69615431119895,7.25133865375698,0.210693356702844
"practical",37,20261037,"spline",TRUE,0,6.56000000000006,-165.872977055125,0.00892943997301121,0.0458405255726712,0.351110767034895,0.00833333333333333,240,240,-0.101007937857818,0.547488506830838,6.85877918584481,0.253650325537301
"practical",37,20261037,"chebyshev",TRUE,0,6.56000000000006,-165.872977055125,0.00981580549449903,0.0458854370861678,0.351155788001466,0.00833333333333333,240,240,-0.101007937857818,0.547488506830838,6.85877918584481,0.253650325537301
"practical",38,20261038,"spline",TRUE,0,12.25,-151.810395468257,0.00688296966440697,0.0425045725020136,0.54190856180921,0,240,240,-0.736466434678416,1.274017066902,5.90350655374836,0.36336872354041
"practical",38,20261038,"chebyshev",TRUE,0,12.25,-151.810395468257,0.00791875174160142,0.0425739675635778,0.541674802915637,0,240,240,-0.736466434678416,1.274017066902,5.90350655374836,0.36336872354041
"practical",39,20261039,"spline",TRUE,0,31.47,-206.930916818491,0.00156860680933694,0.00608900201625493,0.0713215866268276,0,240,240,-0.290772406366543,0.818660576470937,7.4762739137933,0.625549080590212
"practical",39,20261039,"chebyshev",TRUE,0,31.47,-206.930916818491,0.00279824714887976,0.00699238071131651,0.0714778667142651,0,240,240,-0.290772406366543,0.818660576470937,7.4762739137933,0.625549080590212
"practical",40,20261040,"spline",TRUE,0,7.23000000000002,-165.824065512825,0.0101582605316511,0.0787964725469931,0.844758263836018,0.00833333333333333,240,240,-0.36068403162649,0.981847687821473,6.58308588354205,0.269602404748203
"practical",40,20261040,"chebyshev",TRUE,0,7.23000000000002,-165.824065512825,0.0106700077094368,0.0784789929768712,0.841026137857871,0.00833333333333333,240,240,-0.36068403162649,0.981847687821473,6.58308588354205,0.269602404748203
"practical",41,20261041,"spline",FALSE,52,35.54,NA,NA,NA,NA,NA,NA,NA,NA,NA,NA,NA
"practical",41,20261041,"chebyshev",FALSE,52,35.54,NA,NA,NA,NA,NA,NA,NA,NA,NA,NA,NA
"practical",42,20261042,"spline",TRUE,0,17.29,-143.147809532389,0.00855154139075647,0.0455586364526453,0.414728124675209,0,240,240,-0.707376450003085,1.14508972085212,5.62556082325965,0.36094139006584
"practical",42,20261042,"chebyshev",TRUE,0,17.29,-143.147809532389,0.00971579276429563,0.0459420429083111,0.418061780556446,0,240,240,-0.707376450003085,1.14508972085212,5.62556082325965,0.36094139006584
"practical",43,20261043,"spline",TRUE,0,2.13,-198.908663621388,0.000817195155700778,0.00424350811904358,0.0451933779031276,0,240,240,-0.0348449404693172,0.647270037280896,8.23650102925462,0.100062127934325
"practical",43,20261043,"chebyshev",TRUE,0,2.13,-198.908663621388,0.00151029886312895,0.00464716216919481,0.044761879045106,0,240,240,-0.0348449404693172,0.647270037280896,8.23650102925462,0.100062127934325
"practical",44,20261044,"spline",FALSE,52,32.27,NA,NA,NA,NA,NA,NA,NA,NA,NA,NA,NA
"practical",44,20261044,"chebyshev",FALSE,52,32.27,NA,NA,NA,NA,NA,NA,NA,NA,NA,NA,NA
"practical",45,20261045,"spline",TRUE,0,2.88999999999999,-117.594490582835,0.000711016300718277,0.00145811880936621,0.00827391323441625,0,240,240,-0.171566569750935,0.602624862059249,5.38778793177862,0.120642711244649
"practical",45,20261045,"chebyshev",TRUE,0,2.88999999999999,-117.594490582835,0.00130401381842792,0.00257644265042911,0.0131659966925035,0,240,240,-0.171566569750935,0.602624862059249,5.38778793177862,0.120642711244649
"practical",46,20261046,"spline",TRUE,0,9.69999999999993,-156.898999926006,0.0126513990469976,0.0810495520376648,0.77640913866957,0,240,240,-0.483065738249067,0.91776460433028,5.97918630028679,0.484546699995038
"practical",46,20261046,"chebyshev",TRUE,0,9.69999999999993,-156.898999926006,0.0142715063221777,0.0813383681548025,0.776419165373752,0,240,240,-0.483065738249067,0.91776460433028,5.97918630028679,0.484546699995038
"practical",47,20261047,"spline",TRUE,0,3.05999999999995,-143.298914146639,0.00320121235279413,0.0226987680912278,0.238325464587887,0,240,240,-0.423568865637171,1.1160491555971,5.93495412335473,0.182401702560342
"practical",47,20261047,"chebyshev",TRUE,0,3.05999999999995,-143.298914146639,0.00398573424580022,0.0228050071990696,0.238046948889312,0,240,240,-0.423568865637171,1.1160491555971,5.93495412335473,0.182401702560342
"practical",48,20261048,"spline",TRUE,0,14.49,-189.430973667184,0.00547252410710241,0.0292379734507561,0.268295969246682,0,240,240,-0.371942643661849,1.0017264344135,7.24386931843999,0.441325316789956
"practical",48,20261048,"chebyshev",TRUE,0,14.49,-189.430973667184,0.00657424502626586,0.0293485724914825,0.268098764682778,0,240,240,-0.371942643661849,1.0017264344135,7.24386931843999,0.441325316789956
"practical",49,20261049,"spline",TRUE,0,14.34,-151.251399872576,0.00157631803821719,0.00575915714214297,0.0436911201404317,0,240,240,-0.318813148018297,0.826457809107043,6.15607783773086,0.284363734145823
"practical",49,20261049,"chebyshev",TRUE,0,14.34,-151.251399872576,0.00257734253137241,0.00664854788182353,0.0441536069483977,0,240,240,-0.318813148018297,0.826457809107043,6.15607783773086,0.284363734145823
"practical",50,20261050,"spline",TRUE,0,25.6700000000001,-119.96466399234,0.00554983756531449,0.028688563250934,0.280012214781101,0,240,240,-0.305927932367048,0.723793591028425,5.15750694461108,0.356861755912257
"practical",50,20261050,"chebyshev",TRUE,0,25.6700000000001,-119.96466399234,0.00686486908724315,0.0289091900737132,0.278672056120873,0,240,240,-0.305927932367048,0.723793591028425,5.15750694461108,0.356861755912257
