"benchmark","replicate","seed","reference_cap","method","converged","optimization_time","fncount","grcount","criterion_value","theta_1","abs_shift_vs_cap400_1","theta_2","abs_shift_vs_cap400_2","criterion_improvement_over_cap400_pct","reference_converged","criterion_gap_exact","criterion_gap_exact_pct","abs_gap_vs_reference_1","abs_gap_vs_reference_2","theta_3","abs_shift_vs_cap400_3","theta_4","abs_shift_vs_cap400_4","abs_gap_vs_reference_3","abs_gap_vs_reference_4"
"reduced",1,20260410,400,"reference",TRUE,3.12,9,9,169.234125439432,6.96815258409894,0,0.306764056965461,0,0,NA,NA,NA,NA,NA,NA,NA,NA,NA,NA,NA
"reduced",1,20260410,700,"reference",TRUE,3.78,9,9,169.234125439432,6.96815258417644,7.75042252598723e-11,0.306764056963488,1.97308835936383e-12,1.17560193900746e-13,NA,NA,NA,NA,NA,NA,NA,NA,NA,NA,NA
"reduced",1,20260410,900,"reference",TRUE,3.77,9,9,169.234125439432,6.96815258417644,7.75042252598723e-11,0.306764056963488,1.97308835936383e-12,1.17560193900746e-13,NA,NA,NA,NA,NA,NA,NA,NA,NA,NA,NA
"reduced",1,20260410,400,"spline",TRUE,0.53,9,9,169.149713346277,7.01546409422591,NA,0.329515737194596,NA,NA,TRUE,0.0844120931542705,0.0498788840224079,0.0473115101269661,0.0227516802291346,NA,NA,NA,NA,NA,NA
"reduced",1,20260410,400,"chebyshev",TRUE,0.37,8,8,169.145419297759,7.01376239037454,NA,0.330231131974536,NA,NA,TRUE,0.0887061416723895,0.0524162260076424,0.0456098062756034,0.0234670750090746,NA,NA,NA,NA,NA,NA
"reduced",1,20260410,700,"spline",TRUE,0.53,9,9,169.149713346277,7.01546409422591,NA,0.329515737194596,NA,NA,TRUE,0.0844120931544694,0.0498788840225254,0.0473115100494619,0.0227516802311077,NA,NA,NA,NA,NA,NA
"reduced",1,20260410,700,"chebyshev",TRUE,0.37,8,8,169.145419297759,7.01376239037454,NA,0.330231131974536,NA,NA,TRUE,0.0887061416725885,0.0524162260077599,0.0456098061980992,0.0234670750110477,NA,NA,NA,NA,NA,NA
"reduced",1,20260410,900,"spline",TRUE,0.53,9,9,169.149713346277,7.01546409422591,NA,0.329515737194596,NA,NA,TRUE,0.0844120931544694,0.0498788840225254,0.0473115100494619,0.0227516802311077,NA,NA,NA,NA,NA,NA
"reduced",1,20260410,900,"chebyshev",TRUE,0.37,8,8,169.145419297759,7.01376239037454,NA,0.330231131974536,NA,NA,TRUE,0.0887061416725885,0.0524162260077599,0.0456098061980992,0.0234670750110477,NA,NA,NA,NA,NA,NA
"reduced",2,20260411,400,"reference",TRUE,4.12,10,10,183.782442739591,7.5353115714901,0,0.346400829334608,0,0,NA,NA,NA,NA,NA,NA,NA,NA,NA,NA,NA
"reduced",2,20260411,700,"reference",TRUE,4.19,10,10,183.782442739591,7.5353115715134,2.3297808127154e-11,0.346400829334588,2.04281036531029e-14,1.70113531561573e-13,NA,NA,NA,NA,NA,NA,NA,NA,NA,NA,NA
"reduced",2,20260411,900,"reference",TRUE,4.14,10,10,183.782442739591,7.5353115715134,2.3297808127154e-11,0.346400829334588,2.04281036531029e-14,1.70113531561573e-13,NA,NA,NA,NA,NA,NA,NA,NA,NA,NA,NA
"reduced",2,20260411,400,"spline",TRUE,1.13,10,10,183.751840124429,7.63453747283548,NA,0.352960167642698,NA,NA,TRUE,0.0306026151619392,0.0166515444597182,0.099225901345382,0.00655933830809013,NA,NA,NA,NA,NA,NA
"reduced",2,20260411,400,"chebyshev",TRUE,0.93,10,10,183.750944585879,7.62888486301965,NA,0.354722413661269,NA,NA,TRUE,0.031498153711766,0.0171388263439272,0.0935732915295455,0.00832158432666119,NA,NA,NA,NA,NA,NA
"reduced",2,20260411,700,"spline",TRUE,1.13,10,10,183.751840124429,7.63453747283548,NA,0.352960167642698,NA,NA,TRUE,0.0306026151622518,0.0166515444598883,0.0992259013220842,0.00655933830811056,NA,NA,NA,NA,NA,NA
"reduced",2,20260411,700,"chebyshev",TRUE,0.93,10,10,183.750944585879,7.62888486301965,NA,0.354722413661269,NA,NA,TRUE,0.0314981537120786,0.0171388263440973,0.0935732915062477,0.00832158432668162,NA,NA,NA,NA,NA,NA
"reduced",2,20260411,900,"spline",TRUE,1.13,10,10,183.751840124429,7.63453747283548,NA,0.352960167642698,NA,NA,TRUE,0.0306026151622518,0.0166515444598883,0.0992259013220842,0.00655933830811056,NA,NA,NA,NA,NA,NA
"reduced",2,20260411,900,"chebyshev",TRUE,0.93,10,10,183.750944585879,7.62888486301965,NA,0.354722413661269,NA,NA,TRUE,0.0314981537120786,0.0171388263440973,0.0935732915062477,0.00832158432668162,NA,NA,NA,NA,NA,NA
"reduced",3,20260412,400,"reference",TRUE,1.79,9,9,160.195055214242,6.80274201778614,0,0.25672600516822,0,0,NA,NA,NA,NA,NA,NA,NA,NA,NA,NA,NA
"reduced",3,20260412,700,"reference",TRUE,1.77,9,9,160.195055214242,6.80274201778614,0,0.25672600516822,0,0,NA,NA,NA,NA,NA,NA,NA,NA,NA,NA,NA
"reduced",3,20260412,900,"reference",TRUE,1.75,9,9,160.195055214242,6.80274201778614,0,0.25672600516822,0,0,NA,NA,NA,NA,NA,NA,NA,NA,NA,NA,NA
"reduced",3,20260412,400,"spline",TRUE,6.22,54,54,160.185414306929,6.80472022690977,NA,0.264602143342836,NA,NA,TRUE,0.00964090731361011,0.00601823027603225,0.00197820912363156,0.00787613817461602,NA,NA,NA,NA,NA,NA
"reduced",3,20260412,400,"chebyshev",TRUE,2.68,28,28,160.179348186401,6.8048871700038,NA,0.266820936611199,NA,NA,TRUE,0.0157070278412732,0.00980493924751102,0.00214515221765588,0.0100949314429796,NA,NA,NA,NA,NA,NA
"reduced",3,20260412,700,"spline",TRUE,6.22,54,54,160.185414306929,6.80472022690977,NA,0.264602143342836,NA,NA,TRUE,0.00964090731361011,0.00601823027603225,0.00197820912363156,0.00787613817461602,NA,NA,NA,NA,NA,NA
"reduced",3,20260412,700,"chebyshev",TRUE,2.68,28,28,160.179348186401,6.8048871700038,NA,0.266820936611199,NA,NA,TRUE,0.0157070278412732,0.00980493924751102,0.00214515221765588,0.0100949314429796,NA,NA,NA,NA,NA,NA
"reduced",3,20260412,900,"spline",TRUE,6.22,54,54,160.185414306929,6.80472022690977,NA,0.264602143342836,NA,NA,TRUE,0.00964090731361011,0.00601823027603225,0.00197820912363156,0.00787613817461602,NA,NA,NA,NA,NA,NA
"reduced",3,20260412,900,"chebyshev",TRUE,2.68,28,28,160.179348186401,6.8048871700038,NA,0.266820936611199,NA,NA,TRUE,0.0157070278412732,0.00980493924751102,0.00214515221765588,0.0100949314429796,NA,NA,NA,NA,NA,NA
"reduced",4,20260413,400,"reference",TRUE,17.07,42,42,150.304593005337,6.21356454619411,0,0.329454667227945,0,0,NA,NA,NA,NA,NA,NA,NA,NA,NA,NA,NA
"reduced",4,20260413,700,"reference",TRUE,16.97,42,42,150.304593005337,6.21356454619411,0,0.329454667227945,0,0,NA,NA,NA,NA,NA,NA,NA,NA,NA,NA,NA
"reduced",4,20260413,900,"reference",TRUE,16.98,42,42,150.304593005337,6.21356454619411,0,0.329454667227945,0,0,NA,NA,NA,NA,NA,NA,NA,NA,NA,NA,NA
"reduced",4,20260413,400,"spline",TRUE,2.96,26,26,150.280914809785,6.23743589494342,NA,0.340686159977935,NA,NA,TRUE,0.0236781955517529,0.0157534743804616,0.0238713487493136,0.0112314927499905,NA,NA,NA,NA,NA,NA
"reduced",4,20260413,400,"chebyshev",FALSE,6.39,66,66,NA,6.23746215700368,NA,0.340739433481699,NA,NA,TRUE,NA,NA,NA,NA,NA,NA,NA,NA,NA,NA
"reduced",4,20260413,700,"spline",TRUE,2.96,26,26,150.280914809785,6.23743589494342,NA,0.340686159977935,NA,NA,TRUE,0.0236781955517529,0.0157534743804616,0.0238713487493136,0.0112314927499905,NA,NA,NA,NA,NA,NA
"reduced",4,20260413,700,"chebyshev",FALSE,6.39,66,66,NA,6.23746215700368,NA,0.340739433481699,NA,NA,TRUE,NA,NA,NA,NA,NA,NA,NA,NA,NA,NA
"reduced",4,20260413,900,"spline",TRUE,2.96,26,26,150.280914809785,6.23743589494342,NA,0.340686159977935,NA,NA,TRUE,0.0236781955517529,0.0157534743804616,0.0238713487493136,0.0112314927499905,NA,NA,NA,NA,NA,NA
"reduced",4,20260413,900,"chebyshev",FALSE,6.39,66,66,NA,6.23746215700368,NA,0.340739433481699,NA,NA,TRUE,NA,NA,NA,NA,NA,NA,NA,NA,NA,NA
"reduced",5,20260414,400,"reference",TRUE,0.61999999999999,7,7,161.727902248039,7.12466451943512,0,0.05,0,0,NA,NA,NA,NA,NA,NA,NA,NA,NA,NA,NA
"reduced",5,20260414,700,"reference",TRUE,0.629999999999995,7,7,161.727902248039,7.12466451943512,0,0.05,0,0,NA,NA,NA,NA,NA,NA,NA,NA,NA,NA,NA
"reduced",5,20260414,900,"reference",TRUE,0.670000000000002,7,7,161.727902248039,7.12466451943512,0,0.05,0,0,NA,NA,NA,NA,NA,NA,NA,NA,NA,NA,NA
"reduced",5,20260414,400,"spline",TRUE,0.780000000000001,7,7,161.727902247763,7.12467455328697,NA,0.05,NA,NA,TRUE,2.7577584660321e-10,1.70518409482773e-10,1.00338518489451e-05,0,NA,NA,NA,NA,NA,NA
"reduced",5,20260414,400,"chebyshev",TRUE,1.64,17,17,161.723903160553,7.12380879947414,NA,0.0531281903000652,NA,NA,TRUE,0.00399908748622124,0.00247272575148345,0.000855719960982881,0.00312819030006524,NA,NA,NA,NA,NA,NA
"reduced",5,20260414,700,"spline",TRUE,0.780000000000001,7,7,161.727902247763,7.12467455328697,NA,0.05,NA,NA,TRUE,2.7577584660321e-10,1.70518409482773e-10,1.00338518489451e-05,0,NA,NA,NA,NA,NA,NA
"reduced",5,20260414,700,"chebyshev",TRUE,1.64,17,17,161.723903160553,7.12380879947414,NA,0.0531281903000652,NA,NA,TRUE,0.00399908748622124,0.00247272575148345,0.000855719960982881,0.00312819030006524,NA,NA,NA,NA,NA,NA
"reduced",5,20260414,900,"spline",TRUE,0.780000000000001,7,7,161.727902247763,7.12467455328697,NA,0.05,NA,NA,TRUE,2.7577584660321e-10,1.70518409482773e-10,1.00338518489451e-05,0,NA,NA,NA,NA,NA,NA
"reduced",5,20260414,900,"chebyshev",TRUE,1.64,17,17,161.723903160553,7.12380879947414,NA,0.0531281903000652,NA,NA,TRUE,0.00399908748622124,0.00247272575148345,0.000855719960982881,0.00312819030006524,NA,NA,NA,NA,NA,NA
"reduced",6,20260415,400,"reference",TRUE,5.07000000000001,20,20,175.049552611007,7.38902885101526,0,0.199061517776096,0,0,NA,NA,NA,NA,NA,NA,NA,NA,NA,NA,NA
"reduced",6,20260415,700,"reference",TRUE,5.01000000000001,20,20,175.049552611007,7.38902885101526,0,0.199061517776096,0,0,NA,NA,NA,NA,NA,NA,NA,NA,NA,NA,NA
"reduced",6,20260415,900,"reference",TRUE,4.97999999999999,20,20,175.049552611007,7.38902885101526,0,0.199061517776096,0,0,NA,NA,NA,NA,NA,NA,NA,NA,NA,NA,NA
"reduced",6,20260415,400,"spline",TRUE,1,9,9,175.046345209197,7.37254815002858,NA,0.203713827253252,NA,NA,TRUE,0.00320740180993084,0.00183228220928864,0.0164807009866816,0.00465230947715625,NA,NA,NA,NA,NA,NA
"reduced",6,20260415,400,"chebyshev",TRUE,0.859999999999999,9,9,175.030670388936,7.36610799480341,NA,0.211475905810916,NA,NA,TRUE,0.0188822220708005,0.0107867868207354,0.022920856211849,0.0124143880348201,NA,NA,NA,NA,NA,NA
"reduced",6,20260415,700,"spline",TRUE,1,9,9,175.046345209197,7.37254815002858,NA,0.203713827253252,NA,NA,TRUE,0.00320740180993084,0.00183228220928864,0.0164807009866816,0.00465230947715625,NA,NA,NA,NA,NA,NA
"reduced",6,20260415,700,"chebyshev",TRUE,0.859999999999999,9,9,175.030670388936,7.36610799480341,NA,0.211475905810916,NA,NA,TRUE,0.0188822220708005,0.0107867868207354,0.022920856211849,0.0124143880348201,NA,NA,NA,NA,NA,NA
"reduced",6,20260415,900,"spline",TRUE,1,9,9,175.046345209197,7.37254815002858,NA,0.203713827253252,NA,NA,TRUE,0.00320740180993084,0.00183228220928864,0.0164807009866816,0.00465230947715625,NA,NA,NA,NA,NA,NA
"reduced",6,20260415,900,"chebyshev",TRUE,0.859999999999999,9,9,175.030670388936,7.36610799480341,NA,0.211475905810916,NA,NA,TRUE,0.0188822220708005,0.0107867868207354,0.022920856211849,0.0124143880348201,NA,NA,NA,NA,NA,NA
"reduced",7,20260416,400,"reference",TRUE,8.55000000000001,38,38,117.607614513716,5.42858081005822,0,0.263065366641633,0,0,NA,NA,NA,NA,NA,NA,NA,NA,NA,NA,NA
"reduced",7,20260416,700,"reference",TRUE,8.45000000000002,38,38,117.607614513716,5.42858081005822,0,0.263065366641633,0,0,NA,NA,NA,NA,NA,NA,NA,NA,NA,NA,NA
"reduced",7,20260416,900,"reference",TRUE,8.42999999999998,38,38,117.607614513716,5.42858081005822,0,0.263065366641633,0,0,NA,NA,NA,NA,NA,NA,NA,NA,NA,NA,NA
"reduced",7,20260416,400,"spline",TRUE,0.780000000000001,7,7,117.462484468508,5.43355297029372,NA,0.263151097682026,NA,NA,TRUE,0.145130045208106,0.123401912204571,0.00497216023549729,8.5731040392889e-05,NA,NA,NA,NA,NA,NA
"reduced",7,20260416,400,"chebyshev",TRUE,0.650000000000006,7,7,117.60032313212,5.43653154845655,NA,0.254849204942036,NA,NA,TRUE,0.00729138159624654,0.00619975298911976,0.00795073839832749,0.00821616169959721,NA,NA,NA,NA,NA,NA
"reduced",7,20260416,700,"spline",TRUE,0.780000000000001,7,7,117.462484468508,5.43355297029372,NA,0.263151097682026,NA,NA,TRUE,0.145130045208106,0.123401912204571,0.00497216023549729,8.5731040392889e-05,NA,NA,NA,NA,NA,NA
"reduced",7,20260416,700,"chebyshev",TRUE,0.650000000000006,7,7,117.60032313212,5.43653154845655,NA,0.254849204942036,NA,NA,TRUE,0.00729138159624654,0.00619975298911976,0.00795073839832749,0.00821616169959721,NA,NA,NA,NA,NA,NA
"reduced",7,20260416,900,"spline",TRUE,0.780000000000001,7,7,117.462484468508,5.43355297029372,NA,0.263151097682026,NA,NA,TRUE,0.145130045208106,0.123401912204571,0.00497216023549729,8.5731040392889e-05,NA,NA,NA,NA,NA,NA
"reduced",7,20260416,900,"chebyshev",TRUE,0.650000000000006,7,7,117.60032313212,5.43653154845655,NA,0.254849204942036,NA,NA,TRUE,0.00729138159624654,0.00619975298911976,0.00795073839832749,0.00821616169959721,NA,NA,NA,NA,NA,NA
"reduced",8,20260417,400,"reference",TRUE,0.909999999999997,11,11,119.472278222515,5.64285347158032,0,0.0548730282638091,0,0,NA,NA,NA,NA,NA,NA,NA,NA,NA,NA,NA
"reduced",8,20260417,700,"reference",TRUE,0.819999999999993,11,11,119.472278222515,5.64285347158032,0,0.0548730282638091,0,0,NA,NA,NA,NA,NA,NA,NA,NA,NA,NA,NA
"reduced",8,20260417,900,"reference",TRUE,0.859999999999985,11,11,119.472278222515,5.64285347158032,0,0.0548730282638091,0,0,NA,NA,NA,NA,NA,NA,NA,NA,NA,NA,NA
"reduced",8,20260417,400,"spline",TRUE,1.34,12,12,119.471514280173,5.63159483173531,NA,0.0554020905203972,NA,NA,TRUE,0.000763942342473456,0.00063943063097083,0.0112586398450034,0.000529062256588116,NA,NA,NA,NA,NA,NA
"reduced",8,20260417,400,"chebyshev",TRUE,1.17000000000002,12,12,119.470821020708,5.63085196210557,NA,0.0559812772646614,NA,NA,TRUE,0.00145720180785247,0.00121969868619937,0.0120015094747474,0.00110824900085234,NA,NA,NA,NA,NA,NA
"reduced",8,20260417,700,"spline",TRUE,1.34,12,12,119.471514280173,5.63159483173531,NA,0.0554020905203972,NA,NA,TRUE,0.000763942342473456,0.00063943063097083,0.0112586398450034,0.000529062256588116,NA,NA,NA,NA,NA,NA
"reduced",8,20260417,700,"chebyshev",TRUE,1.17000000000002,12,12,119.470821020708,5.63085196210557,NA,0.0559812772646614,NA,NA,TRUE,0.00145720180785247,0.00121969868619937,0.0120015094747474,0.00110824900085234,NA,NA,NA,NA,NA,NA
"reduced",8,20260417,900,"spline",TRUE,1.34,12,12,119.471514280173,5.63159483173531,NA,0.0554020905203972,NA,NA,TRUE,0.000763942342473456,0.00063943063097083,0.0112586398450034,0.000529062256588116,NA,NA,NA,NA,NA,NA
"reduced",8,20260417,900,"chebyshev",TRUE,1.17000000000002,12,12,119.470821020708,5.63085196210557,NA,0.0559812772646614,NA,NA,TRUE,0.00145720180785247,0.00121969868619937,0.0120015094747474,0.00110824900085234,NA,NA,NA,NA,NA,NA
"reduced",9,20260418,400,"reference",TRUE,3.22999999999999,9,9,121.038964304279,5.3653398687601,0,0.306151821587205,0,0,NA,NA,NA,NA,NA,NA,NA,NA,NA,NA,NA
"reduced",9,20260418,700,"reference",TRUE,3.16,9,9,121.038964304279,5.3653398687601,0,0.306151821587205,0,0,NA,NA,NA,NA,NA,NA,NA,NA,NA,NA,NA
"reduced",9,20260418,900,"reference",TRUE,3.23000000000002,9,9,121.038964304279,5.3653398687601,0,0.306151821587205,0,0,NA,NA,NA,NA,NA,NA,NA,NA,NA,NA,NA
"reduced",9,20260418,400,"spline",TRUE,1.12,10,10,121.007654680965,5.28682225824833,NA,0.312077015384726,NA,NA,TRUE,0.0313096233138168,0.0258673919541378,0.0785176105117715,0.00592519379752093,NA,NA,NA,NA,NA,NA
"reduced",9,20260418,400,"chebyshev",TRUE,0.780000000000001,8,8,121.01010142068,5.2879020437139,NA,0.309549974410616,NA,NA,TRUE,0.0288628835991602,0.0238459439611545,0.077437825046208,0.00339815282341122,NA,NA,NA,NA,NA,NA
"reduced",9,20260418,700,"spline",TRUE,1.12,10,10,121.007654680965,5.28682225824833,NA,0.312077015384726,NA,NA,TRUE,0.0313096233138168,0.0258673919541378,0.0785176105117715,0.00592519379752093,NA,NA,NA,NA,NA,NA
"reduced",9,20260418,700,"chebyshev",TRUE,0.780000000000001,8,8,121.01010142068,5.2879020437139,NA,0.309549974410616,NA,NA,TRUE,0.0288628835991602,0.0238459439611545,0.077437825046208,0.00339815282341122,NA,NA,NA,NA,NA,NA
"reduced",9,20260418,900,"spline",TRUE,1.12,10,10,121.007654680965,5.28682225824833,NA,0.312077015384726,NA,NA,TRUE,0.0313096233138168,0.0258673919541378,0.0785176105117715,0.00592519379752093,NA,NA,NA,NA,NA,NA
"reduced",9,20260418,900,"chebyshev",TRUE,0.780000000000001,8,8,121.01010142068,5.2879020437139,NA,0.309549974410616,NA,NA,TRUE,0.0288628835991602,0.0238459439611545,0.077437825046208,0.00339815282341122,NA,NA,NA,NA,NA,NA
"reduced",10,20260419,400,"reference",TRUE,0.759999999999991,8,8,123.053956490494,5.77964701972592,0,0.118765829035847,0,0,NA,NA,NA,NA,NA,NA,NA,NA,NA,NA,NA
"reduced",10,20260419,700,"reference",TRUE,0.75,8,8,123.053956490494,5.77964701972592,0,0.118765829035847,0,0,NA,NA,NA,NA,NA,NA,NA,NA,NA,NA,NA
"reduced",10,20260419,900,"reference",TRUE,0.75,8,8,123.053956490494,5.77964701972592,0,0.118765829035847,0,0,NA,NA,NA,NA,NA,NA,NA,NA,NA,NA,NA
"reduced",10,20260419,400,"spline",TRUE,0.989999999999981,9,9,123.050434154988,5.76192883790948,NA,0.121925439856551,NA,NA,TRUE,0.00352233550627545,0.00286243173867193,0.0177181818164378,0.00315961082070433,NA,NA,NA,NA,NA,NA
"reduced",10,20260419,400,"chebyshev",TRUE,0.95999999999998,10,10,123.050438951005,5.76116126670238,NA,0.115532753949338,NA,NA,TRUE,0.00351753948896771,0.00285853424732381,0.0184857530235414,0.0032330750865084,NA,NA,NA,NA,NA,NA
"reduced",10,20260419,700,"spline",TRUE,0.989999999999981,9,9,123.050434154988,5.76192883790948,NA,0.121925439856551,NA,NA,TRUE,0.00352233550627545,0.00286243173867193,0.0177181818164378,0.00315961082070433,NA,NA,NA,NA,NA,NA
"reduced",10,20260419,700,"chebyshev",TRUE,0.95999999999998,10,10,123.050438951005,5.76116126670238,NA,0.115532753949338,NA,NA,TRUE,0.00351753948896771,0.00285853424732381,0.0184857530235414,0.0032330750865084,NA,NA,NA,NA,NA,NA
"reduced",10,20260419,900,"spline",TRUE,0.989999999999981,9,9,123.050434154988,5.76192883790948,NA,0.121925439856551,NA,NA,TRUE,0.00352233550627545,0.00286243173867193,0.0177181818164378,0.00315961082070433,NA,NA,NA,NA,NA,NA
"reduced",10,20260419,900,"chebyshev",TRUE,0.95999999999998,10,10,123.050438951005,5.76116126670238,NA,0.115532753949338,NA,NA,TRUE,0.00351753948896771,0.00285853424732381,0.0184857530235414,0.0032330750865084,NA,NA,NA,NA,NA,NA
"practical",1,20261001,400,"reference",TRUE,27.75,50,50,163.621875242993,-0.197184088985398,0,0.602264317712115,0,0,NA,NA,NA,NA,NA,6.71325222580336,0,0.319002218659857,0,NA,NA
"practical",1,20261001,700,"reference",TRUE,15.78,28,28,163.621875242993,-0.19718408905683,7.14325265604998e-11,0.602264317765033,5.29180033126408e-11,1.04222162427347e-13,NA,NA,NA,NA,NA,6.71325222583615,3.27977645042665e-11,0.319002218586821,7.30364657641758e-11,NA,NA
"practical",1,20261001,900,"reference",TRUE,15.78,28,28,163.621875242993,-0.19718408905683,7.14325265604998e-11,0.602264317765033,5.29180033126408e-11,1.04222162427347e-13,NA,NA,NA,NA,NA,6.71325222583615,3.27977645042665e-11,0.319002218586821,7.30364657641758e-11,NA,NA
"practical",1,20261001,400,"spline",TRUE,4.17999999999998,20,20,163.149945822122,-0.210278612765908,NA,0.606439488847743,NA,NA,TRUE,0.471929420870481,0.288426850119903,0.0130945237805104,0.00417517113562871,6.71184914482685,NA,0.376805963438932,NA,0.0014030809765071,0.0578037447790748
"practical",1,20261001,400,"chebyshev",TRUE,3.80000000000001,22,22,163.207355365634,-0.210228846821666,NA,0.608027555468474,NA,NA,TRUE,0.414519877358629,0.253340133611738,0.0130447578362685,0.00576323775635912,6.71787639932872,NA,0.372953704922785,NA,0.00462417352536093,0.0539514862629276
"practical",1,20261001,700,"spline",TRUE,4.17999999999998,20,20,163.149945822122,-0.210278612765908,NA,0.606439488847743,NA,NA,TRUE,0.471929420870651,0.288426850120007,0.0130945237090779,0.0041751710827107,6.71184914482685,NA,0.376805963438932,NA,0.00140308100930486,0.0578037448521113
"practical",1,20261001,700,"chebyshev",TRUE,3.80000000000001,22,22,163.207355365634,-0.210228846821666,NA,0.608027555468474,NA,NA,TRUE,0.414519877358799,0.253340133611842,0.013044757764836,0.00576323770344112,6.71787639932872,NA,0.372953704922785,NA,0.00462417349256317,0.053951486335964
"practical",1,20261001,900,"spline",TRUE,4.17999999999998,20,20,163.149945822122,-0.210278612765908,NA,0.606439488847743,NA,NA,TRUE,0.471929420870651,0.288426850120007,0.0130945237090779,0.0041751710827107,6.71184914482685,NA,0.376805963438932,NA,0.00140308100930486,0.0578037448521113
"practical",1,20261001,900,"chebyshev",TRUE,3.80000000000001,22,22,163.207355365634,-0.210228846821666,NA,0.608027555468474,NA,NA,TRUE,0.414519877358799,0.253340133611842,0.013044757764836,0.00576323770344112,6.71787639932872,NA,0.372953704922785,NA,0.00462417349256317,0.053951486335964
"practical",2,20261002,400,"reference",TRUE,14.17,22,22,139.452082854669,-0.37719023920477,0,1.23562580268447,0,0,NA,NA,NA,NA,NA,5.42902956190589,0,0.390437402572102,0,NA,NA
"practical",2,20261002,700,"reference",TRUE,14.08,22,22,139.452082854669,-0.37719023920477,0,1.23562580268447,0,0,NA,NA,NA,NA,NA,5.42902956190589,0,0.390437402572102,0,NA,NA
"practical",2,20261002,900,"reference",TRUE,14.22,22,22,139.452082854669,-0.37719023920477,0,1.23562580268447,0,0,NA,NA,NA,NA,NA,5.42902956190589,0,0.390437402572102,0,NA,NA
"practical",2,20261002,400,"spline",TRUE,4.31999999999999,21,21,138.865107654014,-0.402181416859429,NA,1.27992600651708,NA,NA,TRUE,0.586975200654848,0.420915334241776,0.0249911776546588,0.0443002038326052,5.54347661617319,NA,0.45600982704918,NA,0.114447054267295,0.0655724244770781
"practical",2,20261002,400,"chebyshev",TRUE,3.27000000000001,18,18,138.881356271912,-0.40012169428963,NA,1.2778446731585,NA,NA,TRUE,0.570726582757146,0.409263577190119,0.0229314550848592,0.0422188704740241,5.5537879080463,NA,0.454164302071201,NA,0.124758346140404,0.0637268994990992
"practical",2,20261002,700,"spline",TRUE,4.31999999999999,21,21,138.865107654014,-0.402181416859429,NA,1.27992600651708,NA,NA,TRUE,0.586975200654848,0.420915334241776,0.0249911776546588,0.0443002038326052,5.54347661617319,NA,0.45600982704918,NA,0.114447054267295,0.0655724244770781
"practical",2,20261002,700,"chebyshev",TRUE,3.27000000000001,18,18,138.881356271912,-0.40012169428963,NA,1.2778446731585,NA,NA,TRUE,0.570726582757146,0.409263577190119,0.0229314550848592,0.0422188704740241,5.5537879080463,NA,0.454164302071201,NA,0.124758346140404,0.0637268994990992
"practical",2,20261002,900,"spline",TRUE,4.31999999999999,21,21,138.865107654014,-0.402181416859429,NA,1.27992600651708,NA,NA,TRUE,0.586975200654848,0.420915334241776,0.0249911776546588,0.0443002038326052,5.54347661617319,NA,0.45600982704918,NA,0.114447054267295,0.0655724244770781
"practical",2,20261002,900,"chebyshev",TRUE,3.27000000000001,18,18,138.881356271912,-0.40012169428963,NA,1.2778446731585,NA,NA,TRUE,0.570726582757146,0.409263577190119,0.0229314550848592,0.0422188704740241,5.5537879080463,NA,0.454164302071201,NA,0.124758346140404,0.0637268994990992
"practical",3,20261003,400,"reference",TRUE,15.88,22,22,140.982903401817,-0.520020408722507,0,1.10597746881924,0,0,NA,NA,NA,NA,NA,5.57380949235775,0,0.372137744453318,0,NA,NA
"practical",3,20261003,700,"reference",TRUE,15.7,22,22,140.982903401817,-0.520020408722507,0,1.10597746881924,0,0,NA,NA,NA,NA,NA,5.57380949235775,0,0.372137744453318,0,NA,NA
"practical",3,20261003,900,"reference",TRUE,15.81,22,22,140.982903401817,-0.520020408722507,0,1.10597746881924,0,0,NA,NA,NA,NA,NA,5.57380949235775,0,0.372137744453318,0,NA,NA
"practical",3,20261003,400,"spline",TRUE,3.72000000000003,18,18,140.974496421175,-0.521023782864187,NA,1.10538694087033,NA,NA,TRUE,0.00840698064232015,0.00596312066177222,0.00100337414168039,0.00059052794890424,5.58807306847535,NA,0.379216195861452,NA,0.0142635761175969,0.00707845140813423
"practical",3,20261003,400,"chebyshev",TRUE,3.69999999999999,21,21,140.973173214798,-0.520043058767053,NA,1.10564273125085,NA,NA,TRUE,0.00973018701907336,0.00690167870308445,2.26500445466016e-05,0.000334737568386867,5.59496012073965,NA,0.379276416397676,NA,0.0211506283818998,0.00713867194435819
"practical",3,20261003,700,"spline",TRUE,3.72000000000003,18,18,140.974496421175,-0.521023782864187,NA,1.10538694087033,NA,NA,TRUE,0.00840698064232015,0.00596312066177222,0.00100337414168039,0.00059052794890424,5.58807306847535,NA,0.379216195861452,NA,0.0142635761175969,0.00707845140813423
"practical",3,20261003,700,"chebyshev",TRUE,3.69999999999999,21,21,140.973173214798,-0.520043058767053,NA,1.10564273125085,NA,NA,TRUE,0.00973018701907336,0.00690167870308445,2.26500445466016e-05,0.000334737568386867,5.59496012073965,NA,0.379276416397676,NA,0.0211506283818998,0.00713867194435819
"practical",3,20261003,900,"spline",TRUE,3.72000000000003,18,18,140.974496421175,-0.521023782864187,NA,1.10538694087033,NA,NA,TRUE,0.00840698064232015,0.00596312066177222,0.00100337414168039,0.00059052794890424,5.58807306847535,NA,0.379216195861452,NA,0.0142635761175969,0.00707845140813423
"practical",3,20261003,900,"chebyshev",TRUE,3.69999999999999,21,21,140.973173214798,-0.520043058767053,NA,1.10564273125085,NA,NA,TRUE,0.00973018701907336,0.00690167870308445,2.26500445466016e-05,0.000334737568386867,5.59496012073965,NA,0.379276416397676,NA,0.0211506283818998,0.00713867194435819
"practical",4,20261004,400,"reference",TRUE,9.52999999999997,17,17,174.559214240816,-0.268099739912072,0,0.963331724740431,0,0,NA,NA,NA,NA,NA,6.81874259388371,0,0.318272085895019,0,NA,NA
"practical",4,20261004,700,"reference",TRUE,9.63999999999999,17,17,174.559214240816,-0.268099739912072,0,0.963331724740431,0,0,NA,NA,NA,NA,NA,6.81874259388371,0,0.318272085895019,0,NA,NA
"practical",4,20261004,900,"reference",TRUE,9.50999999999999,17,17,174.559214240816,-0.268099739912072,0,0.963331724740431,0,0,NA,NA,NA,NA,NA,6.81874259388371,0,0.318272085895019,0,NA,NA
"practical",4,20261004,400,"spline",TRUE,3.48999999999995,17,17,173.985500124335,-0.242099150840373,NA,0.922416929341617,NA,NA,TRUE,0.573714116481398,0.328664470092035,0.0260005890716991,0.0409147953988136,7.00503397678698,NA,0.3827841741527,NA,0.186291382903272,0.0645120882576808
"practical",4,20261004,400,"chebyshev",TRUE,2.80000000000001,16,16,174.010378639297,-0.242563190497565,NA,0.92394660830877,NA,NA,TRUE,0.548835601518675,0.31441227775093,0.0255365494145072,0.0393851164316609,7.00885461048997,NA,0.38033293595001,NA,0.190112016606262,0.0620608500549908
"practical",4,20261004,700,"spline",TRUE,3.48999999999995,17,17,173.985500124335,-0.242099150840373,NA,0.922416929341617,NA,NA,TRUE,0.573714116481398,0.328664470092035,0.0260005890716991,0.0409147953988136,7.00503397678698,NA,0.3827841741527,NA,0.186291382903272,0.0645120882576808
"practical",4,20261004,700,"chebyshev",TRUE,2.80000000000001,16,16,174.010378639297,-0.242563190497565,NA,0.92394660830877,NA,NA,TRUE,0.548835601518675,0.31441227775093,0.0255365494145072,0.0393851164316609,7.00885461048997,NA,0.38033293595001,NA,0.190112016606262,0.0620608500549908
"practical",4,20261004,900,"spline",TRUE,3.48999999999995,17,17,173.985500124335,-0.242099150840373,NA,0.922416929341617,NA,NA,TRUE,0.573714116481398,0.328664470092035,0.0260005890716991,0.0409147953988136,7.00503397678698,NA,0.3827841741527,NA,0.186291382903272,0.0645120882576808
"practical",4,20261004,900,"chebyshev",TRUE,2.80000000000001,16,16,174.010378639297,-0.242563190497565,NA,0.92394660830877,NA,NA,TRUE,0.548835601518675,0.31441227775093,0.0255365494145072,0.0393851164316609,7.00885461048997,NA,0.38033293595001,NA,0.190112016606262,0.0620608500549908
"practical",5,20261005,400,"reference",TRUE,7.68000000000001,19,19,130.765980838462,-0.326685809260782,0,0.757764627764458,0,0,NA,NA,NA,NA,NA,5.74242761357386,0,0.268867910622648,0,NA,NA
"practical",5,20261005,700,"reference",TRUE,7.67000000000002,19,19,130.765980838462,-0.326685809260782,0,0.757764627764458,0,0,NA,NA,NA,NA,NA,5.74242761357386,0,0.268867910622648,0,NA,NA
"practical",5,20261005,900,"reference",TRUE,7.63999999999999,19,19,130.765980838462,-0.326685809260782,0,0.757764627764458,0,0,NA,NA,NA,NA,NA,5.74242761357386,0,0.268867910622648,0,NA,NA
"practical",5,20261005,400,"spline",TRUE,4.13999999999999,20,20,130.76534248406,-0.326540135905856,NA,0.757520127850622,NA,NA,TRUE,0.000638354401814922,0.000488165498183732,0.000145673354926268,0.00024449991383646,5.74169074471002,NA,0.271519757291286,NA,0.000736868863841167,0.00265184666863844
"practical",5,20261005,400,"chebyshev",TRUE,3.22000000000003,19,19,130.750495024255,-0.325943129445819,NA,0.755289593526781,NA,NA,TRUE,0.0154858142068406,0.0118423875288868,0.000742679814963176,0.00247503423767725,5.73525723317403,NA,0.281942730401176,NA,0.00717038039982665,0.0130748197785278
"practical",5,20261005,700,"spline",TRUE,4.13999999999999,20,20,130.76534248406,-0.326540135905856,NA,0.757520127850622,NA,NA,TRUE,0.000638354401814922,0.000488165498183732,0.000145673354926268,0.00024449991383646,5.74169074471002,NA,0.271519757291286,NA,0.000736868863841167,0.00265184666863844
"practical",5,20261005,700,"chebyshev",TRUE,3.22000000000003,19,19,130.750495024255,-0.325943129445819,NA,0.755289593526781,NA,NA,TRUE,0.0154858142068406,0.0118423875288868,0.000742679814963176,0.00247503423767725,5.73525723317403,NA,0.281942730401176,NA,0.00717038039982665,0.0130748197785278
"practical",5,20261005,900,"spline",TRUE,4.13999999999999,20,20,130.76534248406,-0.326540135905856,NA,0.757520127850622,NA,NA,TRUE,0.000638354401814922,0.000488165498183732,0.000145673354926268,0.00024449991383646,5.74169074471002,NA,0.271519757291286,NA,0.000736868863841167,0.00265184666863844
"practical",5,20261005,900,"chebyshev",TRUE,3.22000000000003,19,19,130.750495024255,-0.325943129445819,NA,0.755289593526781,NA,NA,TRUE,0.0154858142068406,0.0118423875288868,0.000742679814963176,0.00247503423767725,5.73525723317403,NA,0.281942730401176,NA,0.00717038039982665,0.0130748197785278
"practical",6,20261006,400,"reference",TRUE,12.42,18,18,154.981126302284,-0.532156579745687,0,1.06972124725771,0,0,NA,NA,NA,NA,NA,5.98012919742103,0,0.411827499206818,0,NA,NA
"practical",6,20261006,700,"reference",TRUE,12.53,18,18,154.981126302284,-0.532156579745687,0,1.06972124725771,0,0,NA,NA,NA,NA,NA,5.98012919742103,0,0.411827499206818,0,NA,NA
"practical",6,20261006,900,"reference",TRUE,12.34,18,18,154.981126302284,-0.532156579745687,0,1.06972124725771,0,0,NA,NA,NA,NA,NA,5.98012919742103,0,0.411827499206818,0,NA,NA
"practical",6,20261006,400,"spline",FALSE,16.38,79,79,NA,-0.545542777299814,NA,1.08817907668673,NA,NA,TRUE,NA,NA,NA,NA,5.98227539235661,NA,0.448355436990692,NA,NA,NA
"practical",6,20261006,400,"chebyshev",TRUE,6.79000000000002,39,39,154.794881516584,-0.54901074836061,NA,1.09359025750814,NA,NA,TRUE,0.186244785700381,0.12017255916512,0.0168541686149236,0.0238690102504331,5.98621073831231,NA,0.448975270512523,NA,0.00608154089128199,0.0371477713057052
"practical",6,20261006,700,"spline",FALSE,16.38,79,79,NA,-0.545542777299814,NA,1.08817907668673,NA,NA,TRUE,NA,NA,NA,NA,5.98227539235661,NA,0.448355436990692,NA,NA,NA
"practical",6,20261006,700,"chebyshev",TRUE,6.79000000000002,39,39,154.794881516584,-0.54901074836061,NA,1.09359025750814,NA,NA,TRUE,0.186244785700381,0.12017255916512,0.0168541686149236,0.0238690102504331,5.98621073831231,NA,0.448975270512523,NA,0.00608154089128199,0.0371477713057052
"practical",6,20261006,900,"spline",FALSE,16.38,79,79,NA,-0.545542777299814,NA,1.08817907668673,NA,NA,TRUE,NA,NA,NA,NA,5.98227539235661,NA,0.448355436990692,NA,NA,NA
"practical",6,20261006,900,"chebyshev",TRUE,6.79000000000002,39,39,154.794881516584,-0.54901074836061,NA,1.09359025750814,NA,NA,TRUE,0.186244785700381,0.12017255916512,0.0168541686149236,0.0238690102504331,5.98621073831231,NA,0.448975270512523,NA,0.00608154089128199,0.0371477713057052
"practical",7,20261007,400,"reference",TRUE,9.67000000000002,21,21,178.216125691506,-0.460820181590879,0,1.0942273785375,0,0,NA,NA,NA,NA,NA,6.83057514622325,0,0.481473137427513,0,NA,NA
"practical",7,20261007,700,"reference",TRUE,9.62,21,21,178.216125691506,-0.460820181590464,4.15445455814734e-13,1.09422737853723,2.73336908662714e-13,4.78436662004464e-14,NA,NA,NA,NA,NA,6.83057514622976,6.50413056746402e-12,0.48147313742682,6.93001211971023e-13,NA,NA
"practical",7,20261007,900,"reference",TRUE,9.55999999999995,21,21,178.216125691506,-0.460820181590464,4.15445455814734e-13,1.09422737853723,2.73336908662714e-13,4.78436662004464e-14,NA,NA,NA,NA,NA,6.83057514622976,6.50413056746402e-12,0.48147313742682,6.93001211971023e-13,NA,NA
"practical",7,20261007,400,"spline",TRUE,2.06,18,18,178.204586035054,-0.46047487045628,NA,1.09178812211867,NA,NA,TRUE,0.0115396564518733,0.00647509107668997,0.000345311134599235,0.00243925641883047,6.86446310326371,NA,0.489593867974475,NA,0.0338879570404584,0.00812073054696155
"practical",7,20261007,400,"chebyshev",TRUE,1.55000000000001,18,18,178.203443813425,-0.461232199713843,NA,1.09284838689217,NA,NA,TRUE,0.0126818780812243,0.00711601042386973,0.000412018122963709,0.00137899164533017,6.8644881261674,NA,0.490293751671983,NA,0.0339129799441427,0.00882061424447006
"practical",7,20261007,700,"spline",TRUE,2.06,18,18,178.204586035054,-0.46047487045628,NA,1.09178812211867,NA,NA,TRUE,0.011539656451788,0.00647509107664213,0.00034531113418379,0.00243925641855713,6.86446310326371,NA,0.489593867974475,NA,0.0338879570339543,0.00812073054765455
"practical",7,20261007,700,"chebyshev",TRUE,1.55000000000001,18,18,178.203443813425,-0.461232199713843,NA,1.09284838689217,NA,NA,TRUE,0.0126818780811391,0.00711601042382189,0.000412018123379154,0.00137899164505684,6.8644881261674,NA,0.490293751671983,NA,0.0339129799376385,0.00882061424516306
"practical",7,20261007,900,"spline",TRUE,2.06,18,18,178.204586035054,-0.46047487045628,NA,1.09178812211867,NA,NA,TRUE,0.011539656451788,0.00647509107664213,0.00034531113418379,0.00243925641855713,6.86446310326371,NA,0.489593867974475,NA,0.0338879570339543,0.00812073054765455
"practical",7,20261007,900,"chebyshev",TRUE,1.55000000000001,18,18,178.203443813425,-0.461232199713843,NA,1.09284838689217,NA,NA,TRUE,0.0126818780811391,0.00711601042382189,0.000412018123379154,0.00137899164505684,6.8644881261674,NA,0.490293751671983,NA,0.0339129799376385,0.00882061424516306
"practical",8,20261008,400,"reference",TRUE,7.15999999999997,16,16,99.1580090165922,-0.250117010658896,0,0.728193093289386,0,0,NA,NA,NA,NA,NA,4.38754547737899,0,0.405087983304145,0,NA,NA
"practical",8,20261008,700,"reference",TRUE,7.17999999999995,16,16,99.1580090165922,-0.250117010658896,0,0.728193093289386,0,0,NA,NA,NA,NA,NA,4.38754547737899,0,0.405087983304145,0,NA,NA
"practical",8,20261008,900,"reference",TRUE,7.17000000000007,16,16,99.1580090165922,-0.250117010658896,0,0.728193093289386,0,0,NA,NA,NA,NA,NA,4.38754547737899,0,0.405087983304145,0,NA,NA
"practical",8,20261008,400,"spline",TRUE,1.95000000000005,20,20,98.9454930407231,-0.244809462554581,NA,0.688995294493631,NA,NA,TRUE,0.212515975869081,0.214320535453189,0.00530754810431575,0.0391977987957548,4.27285583102247,NA,0.431391488076512,NA,0.114689646356515,0.0263035047723664
"practical",8,20261008,400,"chebyshev",TRUE,1.45000000000005,17,17,99.0446745889385,-0.243172869245916,NA,0.693693306625203,NA,NA,TRUE,0.113334427653641,0.114296796373429,0.00694414141298047,0.0344997866641823,4.33447663615834,NA,0.428288205926109,NA,0.0530688412206493,0.0232002226219637
"practical",8,20261008,700,"spline",TRUE,1.95000000000005,20,20,98.9454930407231,-0.244809462554581,NA,0.688995294493631,NA,NA,TRUE,0.212515975869081,0.214320535453189,0.00530754810431575,0.0391977987957548,4.27285583102247,NA,0.431391488076512,NA,0.114689646356515,0.0263035047723664
"practical",8,20261008,700,"chebyshev",TRUE,1.45000000000005,17,17,99.0446745889385,-0.243172869245916,NA,0.693693306625203,NA,NA,TRUE,0.113334427653641,0.114296796373429,0.00694414141298047,0.0344997866641823,4.33447663615834,NA,0.428288205926109,NA,0.0530688412206493,0.0232002226219637
"practical",8,20261008,900,"spline",TRUE,1.95000000000005,20,20,98.9454930407231,-0.244809462554581,NA,0.688995294493631,NA,NA,TRUE,0.212515975869081,0.214320535453189,0.00530754810431575,0.0391977987957548,4.27285583102247,NA,0.431391488076512,NA,0.114689646356515,0.0263035047723664
"practical",8,20261008,900,"chebyshev",TRUE,1.45000000000005,17,17,99.0446745889385,-0.243172869245916,NA,0.693693306625203,NA,NA,TRUE,0.113334427653641,0.114296796373429,0.00694414141298047,0.0344997866641823,4.33447663615834,NA,0.428288205926109,NA,0.0530688412206493,0.0232002226219637
"practical",9,20261009,400,"reference",TRUE,9.09000000000003,23,23,149.572848314415,-0.473799883425447,0,1.18659794849227,0,0,NA,NA,NA,NA,NA,5.84041190543748,0,0.354306343058312,0,NA,NA
"practical",9,20261009,700,"reference",TRUE,9.07000000000005,23,23,149.572848314415,-0.473799883425447,0,1.18659794849227,0,0,NA,NA,NA,NA,NA,5.84041190543748,0,0.354306343058312,0,NA,NA
"practical",9,20261009,900,"reference",TRUE,9.05000000000007,23,23,149.572848314415,-0.473799883425447,0,1.18659794849227,0,0,NA,NA,NA,NA,NA,5.84041190543748,0,0.354306343058312,0,NA,NA
"practical",9,20261009,400,"spline",TRUE,1.91000000000008,19,19,149.53291075124,-0.468349585295977,NA,1.1696741629664,NA,NA,TRUE,0.0399375631743624,0.0267010781866039,0.00545029812947012,0.0169237855258664,5.90525616483367,NA,0.358155590816105,NA,0.0648442593961844,0.00384924775779349
"practical",9,20261009,400,"chebyshev",TRUE,1.75,21,21,149.528808681856,-0.468616801386275,NA,1.17085707764522,NA,NA,TRUE,0.044039632558821,0.0294436009309965,0.00518308203917245,0.0157408708470501,5.90824543969179,NA,0.360621053671311,NA,0.0678335342543033,0.0063147106129996
"practical",9,20261009,700,"spline",TRUE,1.91000000000008,19,19,149.53291075124,-0.468349585295977,NA,1.1696741629664,NA,NA,TRUE,0.0399375631743624,0.0267010781866039,0.00545029812947012,0.0169237855258664,5.90525616483367,NA,0.358155590816105,NA,0.0648442593961844,0.00384924775779349
"practical",9,20261009,700,"chebyshev",TRUE,1.75,21,21,149.528808681856,-0.468616801386275,NA,1.17085707764522,NA,NA,TRUE,0.044039632558821,0.0294436009309965,0.00518308203917245,0.0157408708470501,5.90824543969179,NA,0.360621053671311,NA,0.0678335342543033,0.0063147106129996
"practical",9,20261009,900,"spline",TRUE,1.91000000000008,19,19,149.53291075124,-0.468349585295977,NA,1.1696741629664,NA,NA,TRUE,0.0399375631743624,0.0267010781866039,0.00545029812947012,0.0169237855258664,5.90525616483367,NA,0.358155590816105,NA,0.0648442593961844,0.00384924775779349
"practical",9,20261009,900,"chebyshev",TRUE,1.75,21,21,149.528808681856,-0.468616801386275,NA,1.17085707764522,NA,NA,TRUE,0.044039632558821,0.0294436009309965,0.00518308203917245,0.0157408708470501,5.90824543969179,NA,0.360621053671311,NA,0.0678335342543033,0.0063147106129996
"practical",10,20261010,400,"reference",TRUE,8.13,21,21,155.392879150261,-0.388091574213175,0,0.896103962838192,0,0,NA,NA,NA,NA,NA,6.31014415900847,0,0.378238930643516,0,NA,NA
"practical",10,20261010,700,"reference",TRUE,8.16999999999996,21,21,155.392879150261,-0.388091574213175,0,0.896103962838192,0,0,NA,NA,NA,NA,NA,6.31014415900847,0,0.378238930643516,0,NA,NA
"practical",10,20261010,900,"reference",TRUE,12.62,21,21,155.392879150261,-0.388091574213175,0,0.896103962838192,0,0,NA,NA,NA,NA,NA,6.31014415900847,0,0.378238930643516,0,NA,NA
"practical",10,20261010,400,"spline",TRUE,4.30999999999995,43,43,155.306621722971,-0.379606990685024,NA,0.861851336249502,NA,NA,TRUE,0.0862574272900076,0.055509253552474,0.00848458352815107,0.0342526265886893,6.30190573358997,NA,0.393433099618173,NA,0.00823842541849729,0.0151941689746572
"practical",10,20261010,400,"chebyshev",TRUE,2.47000000000003,29,29,155.306593264424,-0.381404914106843,NA,0.863994758786499,NA,NA,TRUE,0.0862858858369577,0.0555275674849435,0.00668666010633256,0.0321092040516923,6.30110156243526,NA,0.394111453705018,NA,0.00904259657321216,0.0158725230615024
"practical",10,20261010,700,"spline",TRUE,4.30999999999995,43,43,155.306621722971,-0.379606990685024,NA,0.861851336249502,NA,NA,TRUE,0.0862574272900076,0.055509253552474,0.00848458352815107,0.0342526265886893,6.30190573358997,NA,0.393433099618173,NA,0.00823842541849729,0.0151941689746572
"practical",10,20261010,700,"chebyshev",TRUE,2.47000000000003,29,29,155.306593264424,-0.381404914106843,NA,0.863994758786499,NA,NA,TRUE,0.0862858858369577,0.0555275674849435,0.00668666010633256,0.0321092040516923,6.30110156243526,NA,0.394111453705018,NA,0.00904259657321216,0.0158725230615024
"practical",10,20261010,900,"spline",TRUE,4.30999999999995,43,43,155.306621722971,-0.379606990685024,NA,0.861851336249502,NA,NA,TRUE,0.0862574272900076,0.055509253552474,0.00848458352815107,0.0342526265886893,6.30190573358997,NA,0.393433099618173,NA,0.00823842541849729,0.0151941689746572
"practical",10,20261010,900,"chebyshev",TRUE,2.47000000000003,29,29,155.306593264424,-0.381404914106843,NA,0.863994758786499,NA,NA,TRUE,0.0862858858369577,0.0555275674849435,0.00668666010633256,0.0321092040516923,6.30110156243526,NA,0.394111453705018,NA,0.00904259657321216,0.0158725230615024
