"method","alpha","b","alpha_gap_vs_reference","b_gap_vs_reference","alpha_error_vs_truth","b_error_vs_truth","criterion_gap_exact","criterion_gap_exact_pct","optimization_time","converged","fncount","grcount","replicate"
"reference",1.10244266855855,0.234404626436474,0,0,-0.0975573314414506,-0.065595373563526,0,0,9.14,TRUE,11,11,1
"spline",1.06523642450681,0.254032527973896,-0.0372062440517413,0.0196279015374223,-0.134763575493192,-0.0459674720261036,14.7421617748405,0.0549305216727607,0.239999999999998,TRUE,12,12,1
"chebyshev",1.06529692253617,0.253965366991058,-0.0371457460223776,0.0195607405545843,-0.134703077463828,-0.0460346330089417,14.610611340293,0.0544403538055007,0.300000000000001,TRUE,12,12,1
"reference",1.01424236151481,0.333773147051651,0,0,-0.18575763848519,0.0337731470516507,0,0,19.89,TRUE,24,24,2
"spline",0.993483980859254,0.349392926170622,-0.0207583806555556,0.0156197791189711,-0.206516019140746,0.0493929261706217,2.569060515405,0.00829266607094388,0.479999999999997,TRUE,29,29,2
"chebyshev",0.993543352830576,0.349358711656085,-0.0206990086842335,0.0155855646044344,-0.206456647169424,0.0493587116560851,2.56172394794703,0.00826898437731655,0.390000000000001,TRUE,14,14,2
"reference",1.09569122570481,0.326473943036314,0,0,-0.104308774295188,0.0264739430363138,0,0,12.28,TRUE,15,15,3
"spline",1.13520264695517,0.31079463121319,0.0395114212503607,-0.015679311823124,-0.0647973530448269,0.0107946312131898,6.48947405446961,0.0198836979458722,0.18,TRUE,10,10,3
"chebyshev",1.13508847665763,0.310872041163267,0.0393972509528202,-0.015601901873047,-0.0649115233423674,0.0108720411632668,6.46628211581265,0.0198126380265068,0.289999999999999,TRUE,10,10,3
"reference",1.05643179453539,0.326790595539868,0,0,-0.143568205464607,0.0267905955398683,0,0,9.83000000000001,TRUE,12,12,4
"spline",1.04885707739552,0.332885166624097,-0.00757471713987368,0.00609457108422901,-0.151142922604481,0.0328851666240974,0.62013840916552,0.00194585197983231,0.219999999999999,TRUE,12,12,4
"chebyshev",1.04901839984385,0.332756702117756,-0.00741339469153823,0.00596610657788749,-0.150981600156146,0.0327567021177558,0.595296293926367,0.00186790312453341,0.329999999999998,TRUE,12,12,4
"reference",1.07412251157244,0.325939239092178,0,0,-0.125877488427559,0.0259392390921775,0,0,9.89999999999999,TRUE,12,12,5
"spline",1.07076722222082,0.328842457243459,-0.003355289351618,0.00290321815128181,-0.129232777779177,0.0288424572434594,0.182458111263259,0.000565612441644928,0.239999999999995,TRUE,13,13,5
"chebyshev",1.07091964637044,0.328736981453249,-0.00320286520200508,0.0027977423610715,-0.129080353629564,0.028736981453249,0.172481750374573,0.000534686144085928,0.350000000000009,TRUE,13,13,5
"reference",1.10642115169806,0.394744057062891,0,0,-0.0935788483019362,0.0947440570628911,0,0,16.66,TRUE,21,21,6
"spline",1.09584300499953,0.40158513790946,-0.0105781466985382,0.0068410808465687,-0.104156995000474,0.10158513790946,0.304953046543233,0.000829588534274134,0.240000000000009,TRUE,13,13,6
"chebyshev",1.09570799175233,0.40165251694552,-0.0107131599457335,0.00690845988262861,-0.10429200824767,0.10165251694552,0.312825002343743,0.000851003254830108,0.349999999999994,TRUE,13,13,6
"reference",1.06778712577501,0.38019859110759,0,0,-0.132212874224994,0.0801985911075896,0,0,10.57,TRUE,13,13,7
"spline",1.07459259089839,0.376908331793525,0.00680546512338176,-0.00329025931406507,-0.125407409101612,0.0769083317935246,0.205189885775326,0.000589921747991054,0.230000000000004,TRUE,13,13,7
"chebyshev",1.07470532826904,0.376803606228643,0.00691820249403441,-0.00339498487894646,-0.12529467173096,0.0768036062286432,0.205828026140807,0.000591756404111876,0.330000000000013,TRUE,13,13,7
"reference",1.04713670771904,0.259707585933516,0,0,-0.152863292280959,-0.0402924140664839,0,0,9.39,TRUE,11,11,8
"spline",1.02919021776489,0.275196212851566,-0.0179464899541526,0.0154886269180495,-0.170809782235112,-0.0248037871484343,11.1457202224519,0.0390853562832339,0.209999999999994,TRUE,11,11,8
"chebyshev",1.02920350623059,0.275099939558459,-0.0179332014884541,0.0153923536249427,-0.170796493769413,-0.0249000604415411,10.9419581385882,0.0383708117328707,0.320000000000007,TRUE,11,11,8
"reference",1.09643905650348,0.366475212839679,0,0,-0.103560943496519,0.0664752128396791,0,0,10.46,TRUE,13,13,9
"spline",1.09541434355353,0.367243583935123,-0.00102471294994699,0.000768371095443754,-0.104585656446466,0.0672435839351228,0.00519173994689481,1.47046072108551e-05,0.829999999999998,TRUE,46,46,9
"chebyshev",1.0952534391491,0.36735611344943,-0.00118561735438072,0.000880900609751156,-0.1047465608509,0.0673561134494302,0.00669691084476653,1.89677149675623e-05,0.299999999999997,TRUE,12,12,9
"reference",1.02661564832626,0.316457705267745,0,0,-0.173384351673744,0.0164577052677454,0,0,9.66,TRUE,12,12,10
"spline",1.01956472195624,0.327825118682438,-0.00705092637001603,0.0113674134146924,-0.18043527804376,0.0278251186824379,5.42621025231347,0.018160356102214,0.199999999999989,TRUE,12,12,10
"chebyshev",1.0196770858051,0.327691486812363,-0.00693856252115954,0.0112337815446171,-0.180322914194904,0.0276914868123626,5.3215722115674,0.017810155134425,0.310000000000002,TRUE,12,12,10
"reference",1.07289379328364,0.458902307913476,0,0,-0.127106206716359,0.158902307913476,0,0,12.92,TRUE,16,16,11
"spline",1.0655809310467,0.4648952321504,-0.00731286223694405,0.00599292423692477,-0.134419068953303,0.1648952321504,0.156851952735451,0.000399174358642113,0.25,TRUE,14,14,11
"chebyshev",1.06525628802152,0.465170620499683,-0.0076375052621207,0.00626831258620775,-0.134743711978479,0.165170620499683,0.170990263570275,0.000435155110308573,0.650000000000006,TRUE,27,27,11
"reference",1.06643197422289,0.321102649026671,0,0,-0.133568025777106,0.0211026490266711,0,0,18.86,TRUE,23,23,12
"spline",1.050759598013,0.332296461597396,-0.0156723762098971,0.0111938125707249,-0.149240401987003,0.032296461597396,1.82019696174029,0.00568391424224172,0.210000000000008,TRUE,13,13,12
"chebyshev",1.05084609778476,0.332192733146971,-0.0155858764381385,0.0110900841202997,-0.149153902215244,0.0321927331469708,1.77553891517164,0.00554446092358571,0.360000000000014,TRUE,13,13,12
"reference",1.10379832600467,0.308214189986582,0,0,-0.0962016739953271,0.00821418998658163,0,0,9.92999999999998,TRUE,12,12,13
"spline",1.11430678425382,0.305125755945026,0.0105084582491493,-0.0030884340415554,-0.0856932157461778,0.00512575594502623,0.588872683070804,0.00180933494879706,0.189999999999998,TRUE,11,11,13
"chebyshev",1.11436830161617,0.305019996606563,0.0105699756114936,-0.00319419338001903,-0.0856316983838334,0.0050199966065626,0.568432196188951,0.00174653073262438,0.269999999999982,TRUE,11,11,13
"reference",1.03825262786162,0.296962200768961,0,0,-0.161747372138376,-0.00303779923103897,0,0,9.83000000000001,TRUE,12,12,14
"spline",1.03255002433456,0.305064182571024,-0.0057026035270682,0.00810198180206312,-0.167449975665445,0.00506418257102415,3.18641222556471,0.0109216802757064,0.180000000000007,TRUE,11,11,14
"chebyshev",1.03248934326947,0.305074076397982,-0.00576328459215336,0.00811187562902133,-0.16751065673053,0.00507407639798235,3.16966771064472,0.0108642871246066,0.280000000000001,TRUE,11,11,14
"reference",1.11261546936418,0.30544997089057,0,0,-0.0873845306358212,0.00544997089057042,0,0,9.93000000000001,TRUE,12,12,15
"spline",1.11496702812725,0.306149767942696,0.00235155876306958,0.000699797052125861,-0.0850329718727516,0.00614976794269628,0.353973233643046,0.00106543202970939,0.550000000000011,TRUE,30,30,15
"chebyshev",1.11523975964152,0.305946926879167,0.0026242902773439,0.00049695598859667,-0.0847602403584773,0.00594692687916709,0.32530156977009,0.000979132541126832,0.530000000000001,TRUE,20,20,15
"reference",1.06927560708249,0.332758610760652,0,0,-0.130724392917505,0.0327586107606524,0,0,9.64000000000001,TRUE,12,12,16
"spline",1.09198372116289,0.323583183600621,0.0227081140803931,-0.00917542716003117,-0.108016278837112,0.0235831836006212,2.32438515631657,0.00695292867941268,0.640000000000015,TRUE,33,33,16
"chebyshev",1.09167371094178,0.323742116810116,0.0223981038592855,-0.00901649395053666,-0.10832628905822,0.0237421168101157,2.27703106334229,0.00681127847560129,0.699999999999989,TRUE,28,28,16
"reference",1.14069100088669,0.253921138929487,0,0,-0.0593089991133118,-0.0460788610705132,0,0,9.03999999999999,TRUE,11,11,17
"spline",1.12173961999584,0.263024300478557,-0.0189513808908488,0.00910316154907065,-0.0782603800041606,-0.0369756995214425,2.68369361395526,0.00898286492154108,0.189999999999998,TRUE,11,11,17
"chebyshev",1.12152779805279,0.263084576509868,-0.0191632028338993,0.0091634375803813,-0.0784722019472111,-0.0369154234901319,2.70085720589486,0.00904031493266017,0.300000000000011,TRUE,11,11,17
"reference",1.07078054045921,0.357130645977363,0,0,-0.129219459540794,0.057130645977363,0,0,12.03,TRUE,15,15,18
"spline",1.07124436404622,0.358076718435291,0.000463823587012913,0.000946072457927549,-0.128755635953781,0.0580767184352906,0.113120662019355,0.00033574704009389,0.25,TRUE,13,13,18
"chebyshev",1.07146575155714,0.357831048624566,0.00068521109793851,0.000700402647203502,-0.128534248442855,0.0578310486245665,0.092218941426836,0.000273709825171942,0.310000000000002,TRUE,12,12,18
"reference",1.04304918625308,0.298410217313514,0,0,-0.156950813746919,-0.00158978268648624,0,0,8.84999999999999,TRUE,11,11,19
"spline",1.0591088094773,0.294676636467952,0.0160596232242165,-0.00373358084556208,-0.140891190522703,-0.00532336353204832,1.82991867368037,0.00619901984167175,0.75,TRUE,44,44,19
"chebyshev",1.05899103323592,0.294694271187929,0.0159418469828345,-0.00371594612558485,-0.141008966764085,-0.00530572881207109,1.79710066075131,0.00608784576807082,0.640000000000015,TRUE,26,26,19
"reference",1.01621638977435,0.400831770548463,0,0,-0.183783610225646,0.100831770548463,0,0,11.39,TRUE,14,14,20
"spline",1.00544146574145,0.409033819098284,-0.0107749240329011,0.00820204854982154,-0.194558534258547,0.109033819098284,0.286418247458641,0.00085307874030825,0.28000000000003,TRUE,16,16,20
"chebyshev",1.00542779097121,0.409049433994054,-0.0107885988031393,0.00821766344559144,-0.194572209028785,0.109049433994054,0.287494585165405,0.000856284544488601,0.439999999999998,TRUE,17,17,20
"reference",1.055982985758,0.293434771981805,0,0,-0.144017014241999,-0.00656522801819542,0,0,9.67000000000002,TRUE,12,12,21
"spline",1.04013889707215,0.3027332070664,-0.0158440886858544,0.0092984350845956,-0.159861102927853,0.00273320706640018,1.31861315955757,0.00442022615232241,0.199999999999989,TRUE,11,11,21
"chebyshev",1.04048776844566,0.302486220272378,-0.0154952173123453,0.00905144829057336,-0.159512231554344,0.00248622027237794,1.24367646373867,0.00416902500191186,0.759999999999991,TRUE,26,26,21
"reference",1.03541692987676,0.401583826030188,0,0,-0.164583070123238,0.101583826030188,0,0,11.46,TRUE,14,14,22
"spline",1.02094801543036,0.413045288215587,-0.0144689144464063,0.0114614621853985,-0.179051984569644,0.113045288215587,0.676541907989304,0.00191470052058797,0.25,TRUE,13,13,22
"chebyshev",1.02098028399959,0.412961645413783,-0.0144366458771679,0.0113778193835951,-0.179019716000405,0.112961645413783,0.665755625879683,0.00188417395641418,0.350000000000023,TRUE,13,13,22
"reference",1.05540575101476,0.341483976045242,0,0,-0.144594248985237,0.0414839760452418,0,0,9.81999999999999,TRUE,12,12,23
"spline",1.05919313241304,0.340453001467896,0.00378738139827717,-0.00103097457734563,-0.14080686758696,0.0404530014678962,0.111779644837952,0.000341252015708891,0.21999999999997,TRUE,12,12,23
"chebyshev",1.05954573447828,0.340225655047847,0.00413998346351607,-0.00125832099739481,-0.140454265521721,0.040225655047847,0.112478055732936,0.000343384193942698,0.360000000000014,TRUE,12,12,23
"reference",1.0162138597992,0.348437130619032,0,0,-0.183786140200797,0.0484371306190323,0,0,24.89,TRUE,31,31,24
"spline",1.00911072232194,0.353914652629899,-0.0071031374772601,0.0054775220108671,-0.190889277678057,0.0539146526298994,0.262674399993557,0.000815491241294454,0.25,TRUE,14,14,24
"chebyshev",1.00901356215065,0.35389833902853,-0.00720029764855168,0.00546120840949732,-0.190986437849349,0.0538983390285296,0.25270530744092,0.000784541488823224,0.360000000000014,TRUE,14,14,24
"reference",1.08089216348409,0.420760801740813,0,0,-0.119107836515911,0.120760801740813,0,0,11.44,TRUE,14,14,25
"spline",1.09353040673824,0.41282723229978,0.0126382432541488,-0.00793356944103257,-0.106469593261763,0.11282723229978,0.550815648624848,0.00142417047611049,0.279999999999973,TRUE,14,14,25
"chebyshev",1.09354399435039,0.412761619121309,0.0126518308663051,-0.00799918261950383,-0.106456005649606,0.112761619121309,0.544762380071916,0.00140851934786354,0.379999999999995,TRUE,14,14,25
"reference",1.03267449214609,0.264687806177149,0,0,-0.167325507853908,-0.0353121938228508,0,0,9.20000000000005,TRUE,12,12,26
"spline",1.04484784245618,0.266944836766237,0.0121733503100867,0.00225703058908788,-0.155152157543821,-0.033055163233763,5.70797397568094,0.0216891174927453,0.230000000000018,TRUE,12,12,26
"chebyshev",1.04497453382539,0.266819593541032,0.0123000416792969,0.00213178736388309,-0.155025466174611,-0.0331804064589677,5.58897832196089,0.021236958683743,0.310000000000002,TRUE,12,12,26
"reference",1.09522003711549,0.2735643214121,0,0,-0.104779962884508,-0.0264356785879001,0,0,5.67000000000002,TRUE,7,7,27
"spline",1.0693917143935,0.287086750663627,-0.0258283227219909,0.0135224292515275,-0.130608285606499,-0.0129132493363727,3.75982550454864,0.0126962598185062,0.839999999999975,TRUE,49,49,27
"chebyshev",1.06963904563085,0.286831335527295,-0.0255809914846443,0.0132670141151954,-0.130360954369152,-0.0131686644727047,3.57743413577555,0.0120803567124193,0.71999999999997,TRUE,28,28,27
"reference",1.06817948660066,0.251109954563259,0,0,-0.131820513399339,-0.0488900454367411,0,0,9.57999999999998,TRUE,12,12,28
"spline",1.0509235372076,0.262554471228412,-0.0172559493930573,0.0114445166651527,-0.149076462792396,-0.0374455287715885,5.3148578960645,0.0197450614979542,0.20999999999998,TRUE,11,11,28
"chebyshev",1.05105482627047,0.262450305737514,-0.0171246603301907,0.0113403511742552,-0.14894517372953,-0.0375496942624859,5.21289512606381,0.0193662628163082,0.310000000000002,TRUE,11,11,28
"reference",1.11016189320814,0.354134417484632,0,0,-0.089838106791855,0.0541344174846322,0,0,9.56,TRUE,12,12,29
"spline",1.1179378460877,0.351024370861513,0.00777595287955335,-0.00311004662311959,-0.0820621539123016,0.0510243708615126,0.272123329013993,0.000781252922365814,0.490000000000009,TRUE,27,27,29
"chebyshev",1.11809812657537,0.350868693642406,0.00793623336722815,-0.00326572384222579,-0.0819018734246268,0.0508686936424064,0.268082499605953,0.000769651896480778,0.870000000000005,TRUE,28,28,29
"reference",1.05372430977167,0.331710573409972,0,0,-0.146275690228332,0.031710573409972,0,0,18.79,TRUE,23,23,30
"spline",1.05974872030089,0.331846369563936,0.00602441052921909,0.000135796153963808,-0.140251279699113,0.0318463695639358,0.971327981897048,0.00302031370944194,0.240000000000009,TRUE,13,13,30
"chebyshev",1.06008548584637,0.331593992817504,0.00636117607470732,-0.000116580592467552,-0.139914514153625,0.0315939928175045,0.936128278666729,0.00291086134297435,0.349999999999966,TRUE,13,13,30
"reference",1.02173459179789,0.511470083385293,0,0,-0.178265408202115,0.211470083385293,0,0,12.5,TRUE,16,16,31
"spline",1.04121548793315,0.494321537249346,0.0194808961352693,-0.0171485461359476,-0.158784512066846,0.194321537249346,1.11568445782905,0.00292504362971252,0.259999999999991,TRUE,16,16,31
"chebyshev",1.04118615375351,0.494303480394186,0.0194515619556217,-0.0171666029911069,-0.158813846246493,0.194303480394186,1.10648499174567,0.00290092494680437,0.389999999999986,TRUE,16,16,31
"reference",1.0975197881589,0.409989130838082,0,0,-0.102480211841098,0.109989130838082,0,0,9.63,TRUE,12,12,32
"spline",1.14367645453289,0.383242681885322,0.0461566663739854,-0.0267464489527598,-0.0563235454671125,0.0832426818853222,8.69522207069531,0.0223083696754764,0.25,TRUE,13,13,32
"chebyshev",1.14370624471405,0.383214029021807,0.046186456555152,-0.0267751018162747,-0.0562937552859459,0.0832140290218074,8.70054755281308,0.022322032676009,0.359999999999957,TRUE,13,13,32
"reference",1.06472650546418,0.381528258480304,0,0,-0.135273494535821,0.0815282584803036,0,0,10.1,TRUE,13,13,33
"spline",1.06407888727716,0.382956939309809,-0.000647618187015864,0.00142868082950509,-0.135921112722837,0.0829569393098087,0.0718344226988847,0.000209851983574377,0.259999999999991,TRUE,13,13,33
"chebyshev",1.06425562050318,0.382817016286508,-0.000470884960996454,0.00128875780620474,-0.135744379496817,0.0828170162865083,0.067207731292001,0.000196335895706712,0.319999999999993,TRUE,13,13,33
"reference",1.12425970205929,0.233821548446319,0,0,-0.0757402979407125,-0.0661784515536806,0,0,10.79,TRUE,13,13,34
"spline",1.09816289906817,0.248513435212073,-0.0260968029911155,0.0146918867657536,-0.101837100931828,-0.0514865647879271,11.4447710704553,0.0425483866164944,0.21999999999997,TRUE,11,11,34
"chebyshev",1.09818676792317,0.248463607474942,-0.0260729341361214,0.0146420590286222,-0.101813232076834,-0.0515363925250585,11.3362004024093,0.0421447519146035,0.32000000000005,TRUE,11,11,34
"reference",1.17235434760553,0.288949192014382,0,0,-0.0276456523944675,-0.0110508079856185,0,0,8.07999999999998,TRUE,10,10,35
"spline",1.18017011970926,0.287591930375828,0.0078157721037313,-0.00135726163855338,-0.0198298802907362,-0.0124080696241718,0.457097920778324,0.00141176962049175,0.199999999999989,TRUE,11,11,35
"chebyshev",1.18042549495043,0.287472922119041,0.00807114734489511,-0.00147626989534083,-0.0195745050495724,-0.0125270778809593,0.456485768831044,0.00140987895881291,0.310000000000002,TRUE,11,11,35
"reference",1.10040505277556,0.280720807589935,0,0,-0.0995949472244406,-0.0192791924100645,0,0,8.67000000000002,TRUE,11,11,36
"spline",1.10751111807938,0.279768259297028,0.00710606530382329,-0.000952548292907585,-0.0924888819206173,-0.0202317407029721,0.499383004262199,0.00167886568416841,0.170000000000016,TRUE,10,10,36
"chebyshev",1.10743975056262,0.279739027756708,0.00703469778705568,-0.000981779833227947,-0.0925602494373849,-0.0202609722432925,0.473329748481774,0.00159127776724432,0.28000000000003,TRUE,11,11,36
"reference",1.06696453037773,0.369806050254563,0,0,-0.133035469622269,0.0698060502545634,0,0,20.51,TRUE,26,26,37
"spline",1.08639328312217,0.360817633930852,0.0194287527444388,-0.00898841632371139,-0.11360671687783,0.060817633930852,1.36700452034711,0.00398475385565907,0.45999999999998,TRUE,26,26,37
"chebyshev",1.08636642862158,0.360824581628956,0.0194018982438482,-0.00898146862560711,-0.11363357137842,0.0608245816289563,1.36148143845639,0.00396865433182315,1.27999999999997,TRUE,51,51,37
"reference",1.0455039398956,0.333278164780793,0,0,-0.154496060104399,0.0332781647807927,0,0,37.84,TRUE,46,46,38
"spline",1.04310712924737,0.33673985220195,-0.00239681064823527,0.00346168742115743,-0.156892870752635,0.0367398522019501,0.434914787256275,0.00133699689345812,0.269999999999982,TRUE,13,13,38
"chebyshev",1.04355124256331,0.336434075148842,-0.00195269733229009,0.00315591036804985,-0.15644875743669,0.0364340751488425,0.402212652603339,0.00123646535550731,0.350000000000023,TRUE,13,13,38
"reference",1.06067392877971,0.395237605368552,0,0,-0.139326071220292,0.0952376053685519,0,0,9.23000000000002,TRUE,12,12,39
"spline",1.06321727879733,0.394318922805146,0.00254335001761752,-0.00091868256340577,-0.136782721202674,0.0943189228051461,0.054280759410176,0.000153440766264293,0.419999999999959,TRUE,25,25,39
"chebyshev",1.0630677072848,0.394418408070783,0.00239377850509181,-0.000819197297768637,-0.1369322927152,0.0944184080707833,0.052377240077476,0.000148059900775635,0.789999999999964,TRUE,33,33,39
"reference",1.1230217368037,0.296301759034701,0,0,-0.076978263196303,-0.00369824096529914,0,0,8.82999999999993,TRUE,11,11,40
"spline",1.11442038272888,0.300982547468444,-0.00860135407481222,0.00468078843374292,-0.0855796172711152,0.000982547468443784,0.367051694411202,0.00111599431539988,0.209999999999923,TRUE,11,11,40
"chebyshev",1.1145756300378,0.300882131199392,-0.00844610676589497,0.0045803721646907,-0.0854243699621979,0.000882131199391567,0.349871403974248,0.00106375887620564,0.279999999999973,TRUE,11,11,40
"reference",1.05369746182954,0.369308114358927,0,0,-0.146302538170455,0.0693081143589273,0,0,10.2700000000001,TRUE,13,13,41
"spline",1.05999508103973,0.366752124060514,0.00629761921018424,-0.0025559902984133,-0.140004918960271,0.066752124060514,0.212991217769741,0.000619464322676881,0.240000000000009,TRUE,12,12,41
"chebyshev",1.05993611829251,0.366715410282564,0.00623865646296129,-0.00259270407636286,-0.140063881707494,0.0667154102825644,0.199123660459009,0.000579131875702647,0.309999999999945,TRUE,12,12,41
"reference",1.0809729032027,0.361651398541789,0,0,-0.119027096797305,0.061651398541789,0,0,9.38,TRUE,12,12,42
"spline",1.06927340764662,0.370071329096051,-0.0116994955560705,0.00841993055426193,-0.130726592353375,0.070071329096051,0.633123531748424,0.00178505158575779,0.25,TRUE,13,13,42
"chebyshev",1.06935600020658,0.369946095507336,-0.0116169029961199,0.00829469696554741,-0.130643999793425,0.0699460955073364,0.609508863279189,0.00171847152786333,0.330000000000041,TRUE,13,13,42
"reference",1.03572625813412,0.343933235680696,0,0,-0.164273741865878,0.0439332356806957,0,0,10.0700000000001,TRUE,13,13,43
"spline",1.04734598056273,0.339913161203095,0.0116197224286114,-0.0040200744776005,-0.152654019437266,0.0399131612030952,0.816890714530018,0.00257535411517277,0.200000000000045,TRUE,12,12,43
"chebyshev",1.04751735201129,0.339734989899081,0.0117910938771724,-0.00419824578161437,-0.152482647988705,0.0397349898990813,0.800549661656987,0.00252383682281742,0.350000000000023,TRUE,12,12,43
"reference",1.07875834312297,0.406149714249518,0,0,-0.121241656877028,0.106149714249518,0,0,9.87,TRUE,13,13,44
"spline",1.09530854195834,0.396629484231011,0.0165501988353693,-0.00952023001850683,-0.104691458041659,0.0966294842310115,1.0876658167108,0.00297681610117123,0.879999999999995,FALSE,54,54,44
"chebyshev",1.09525416078276,0.396656948088848,0.0164958176597854,-0.00949276616067057,-0.104745839217243,0.0966569480888477,1.07987968099769,0.00295550634425824,1.20000000000005,FALSE,54,54,44
"reference",1.03363224497106,0.450586583167438,0,0,-0.166367755028939,0.150586583167438,0,0,12.4200000000001,TRUE,16,16,45
"spline",1.04015813067322,0.4459174107092,0.00652588570216217,-0.00466917245823861,-0.159841869326777,0.1459174107092,0.143311446176085,0.000379690137593943,0.25,TRUE,15,15,45
"chebyshev",1.03962551130099,0.446389336076178,0.00599326632992958,-0.00419724709126063,-0.16037448869901,0.146389336076178,0.127319983774214,0.000337322268720201,0.420000000000073,TRUE,16,16,45
"reference",1.01647876504163,0.364565411435839,0,0,-0.183521234958373,0.0645654114358395,0,0,10.21,TRUE,13,13,46
"spline",1.08427239124969,0.333507285790696,0.0677936262080583,-0.0310581256451432,-0.115727608750315,0.0335072857906963,17.3736223322921,0.0526690614600855,0.220000000000027,TRUE,13,13,46
"chebyshev",1.08439227509077,0.333365666114186,0.0679135100491415,-0.031199745321653,-0.115607724909232,0.0333656661141865,17.3341618488776,0.0525494349028566,0.339999999999918,TRUE,13,13,46
"reference",1.0417824425522,0.30190063688744,0,0,-0.158217557447805,0.00190063688744041,0,0,8.38999999999999,TRUE,11,11,47
"spline",1.03680128860108,0.310080480657823,-0.00498115395111531,0.00817984377038289,-0.16319871139892,0.0100804806578233,3.45760278170565,0.0120249676601247,0.190000000000055,TRUE,12,12,47
"chebyshev",1.03706118685238,0.309924024694149,-0.00472125569981063,0.00802338780670864,-0.162938813147615,0.00992402469414905,3.40724102271633,0.0118498178348302,0.330000000000041,TRUE,12,12,47
"reference",1.09729957057219,0.311291525872361,0,0,-0.102700429427805,0.0112915258723608,0,0,9.49000000000001,TRUE,12,12,48
"spline",1.10612337359946,0.309103044619987,0.00882380302726204,-0.00218848125237331,-0.0938766264005433,0.00910304461998745,0.632382046343992,0.00188590651805757,0.719999999999914,TRUE,45,45,48
"chebyshev",1.10633623457146,0.308916715349905,0.00903666399926739,-0.00237481052245614,-0.0936637654285379,0.00891671534990462,0.61009375568392,0.00181943778625976,0.529999999999973,TRUE,23,23,48
"reference",1.03463401058821,0.329159285878908,0,0,-0.16536598941179,0.0291592858789084,0,0,9.65999999999997,TRUE,12,12,49
"spline",1.0597078851335,0.320159684494613,0.0250738745452945,-0.00899960138429517,-0.140292114866496,0.0201596844946132,3.57550795725547,0.0109414827099217,0.269999999999982,TRUE,15,15,49
"chebyshev",1.05997487977798,0.319935354784919,0.0253408691897741,-0.00922393109398906,-0.140025120222016,0.0199353547849193,3.56628569120949,0.0109132614709552,0.340000000000032,TRUE,14,14,49
"reference",1.0407090980608,0.363453616799611,0,0,-0.159290901939204,0.0634536167996108,0,0,8.56000000000006,TRUE,11,11,50
"spline",1.04175491581938,0.364516989425061,0.00104581775858503,0.00106337262545014,-0.158245084180619,0.064516989425061,0.212535310492967,0.000616706928997376,0.25,TRUE,13,13,50
"chebyshev",1.0419017507075,0.364391266102973,0.00119265264670299,0.000937649303361709,-0.158098249292501,0.0643912661029725,0.20496869336057,0.000594751117495767,0.309999999999945,TRUE,13,13,50
