"replicate","method","delta","b","converged","delta_gap_vs_reference","b_gap_vs_reference","delta_error_vs_truth","b_error_vs_truth","criterion_gap_exact","criterion_gap_exact_pct"
1,"reference",6.96815258409894,0.306764056965461,TRUE,0,0,0.968152584098941,-0.0432359430345386,0,0
1,"spline",7.01546409422591,0.329515737194596,TRUE,0.0473115101269661,0.0227516802291346,1.01546409422591,-0.020484262805404,0.0844120931542705,0.0498788840224079
1,"chebyshev",7.01376239037454,0.330231131974536,TRUE,0.0456098062756034,0.0234670750090746,1.01376239037454,-0.019768868025464,0.0887061416723895,0.0524162260076424
2,"reference",7.5353115714901,0.346400829334608,TRUE,0,0,1.5353115714901,-0.00359917066539195,0,0
2,"spline",7.63453747283548,0.352960167642698,TRUE,0.099225901345382,0.00655933830809013,1.63453747283548,0.00296016764269819,0.0306026151619392,0.0166515444597182
2,"chebyshev",7.62888486301965,0.354722413661269,TRUE,0.0935732915295455,0.00832158432666119,1.62888486301965,0.00472241366126924,0.031498153711766,0.0171388263439272
3,"reference",6.80274201778614,0.25672600516822,TRUE,0,0,0.802742017786141,-0.0932739948317801,0,0
3,"spline",6.80472022690977,0.264602143342836,TRUE,0.00197820912363156,0.00787613817461602,0.804720226909772,-0.0853978566571641,0.00964090731361011,0.00601823027603225
3,"chebyshev",6.8048871700038,0.266820936611199,TRUE,0.00214515221765588,0.0100949314429796,0.804887170003797,-0.0831790633888005,0.0157070278412732,0.00980493924751102
4,"reference",6.21356454619411,0.329454667227945,TRUE,0,0,0.213564546194106,-0.0205453327720554,0,0
4,"spline",6.23743589494342,0.340686159977935,TRUE,0.0238713487493136,0.0112314927499905,0.237435894943419,-0.00931384002206487,0.0236781955517529,0.0157534743804616
4,"chebyshev",6.23746215700368,0.340739433481699,FALSE,0.0238976108095743,0.011284766253754,0.23746215700368,-0.00926056651830143,0.0238796784893793,0.0158875241347624
5,"reference",7.12466451943512,0.05,TRUE,0,0,1.12466451943512,-0.3,0,0
5,"spline",7.12467455328697,0.05,TRUE,1.00338518489451e-05,0,1.12467455328697,-0.3,2.7577584660321e-10,1.70518409482773e-10
5,"chebyshev",7.12380879947414,0.0531281903000652,TRUE,-0.000855719960982881,0.00312819030006524,1.12380879947414,-0.296871809699935,0.00399908748622124,0.00247272575148345
6,"reference",7.38902885101526,0.199061517776096,TRUE,0,0,1.38902885101526,-0.150938482223904,0,0
6,"spline",7.37254815002858,0.203713827253252,TRUE,-0.0164807009866816,0.00465230947715625,1.37254815002858,-0.146286172746748,0.00320740180993084,0.00183228220928864
6,"chebyshev",7.36610799480341,0.211475905810916,TRUE,-0.022920856211849,0.0124143880348201,1.36610799480341,-0.138524094189084,0.0188822220708005,0.0107867868207354
7,"reference",5.42858081005822,0.263065366641633,TRUE,0,0,-0.571419189941781,-0.0869346333583665,0,0
7,"spline",5.43355297029372,0.263151097682026,TRUE,0.00497216023549729,8.5731040392889e-05,-0.566447029706284,-0.0868489023179737,0.145130045208106,0.123401912204571
7,"chebyshev",5.43653154845655,0.254849204942036,TRUE,0.00795073839832749,-0.00821616169959721,-0.563468451543454,-0.0951507950579638,0.00729138159624654,0.00619975298911976
8,"reference",5.64285347158032,0.0548730282638091,TRUE,0,0,-0.357146528419684,-0.295126971736191,0,0
8,"spline",5.63159483173531,0.0554020905203972,TRUE,-0.0112586398450034,0.000529062256588116,-0.368405168264688,-0.294597909479603,0.000763942342473456,0.00063943063097083
8,"chebyshev",5.63085196210557,0.0559812772646614,TRUE,-0.0120015094747474,0.00110824900085234,-0.369148037894432,-0.294018722735339,0.00145720180785247,0.00121969868619937
9,"reference",5.3653398687601,0.306151821587205,TRUE,0,0,-0.634660131239897,-0.0438481784127954,0,0
9,"spline",5.28682225824833,0.312077015384726,TRUE,-0.0785176105117715,0.00592519379752093,-0.713177741751668,-0.0379229846152744,0.0313096233138168,0.0258673919541378
9,"chebyshev",5.2879020437139,0.309549974410616,TRUE,-0.077437825046208,0.00339815282341122,-0.712097956286105,-0.0404500255893842,0.0288628835991602,0.0238459439611545
10,"reference",5.77964701972592,0.118765829035847,TRUE,0,0,-0.220352980274078,-0.231234170964153,0,0
10,"spline",5.76192883790948,0.121925439856551,TRUE,-0.0177181818164378,0.00315961082070433,-0.238071162090516,-0.228074560143449,0.00352233550627545,0.00286243173867193
10,"chebyshev",5.76116126670238,0.115532753949338,TRUE,-0.0184857530235414,-0.0032330750865084,-0.238838733297619,-0.234467246050662,0.00351753948896771,0.00285853424732381
11,"reference",6.33213077498586,0.235970295637138,TRUE,0,0,0.33213077498586,-0.114029704362862,0,0
11,"spline",6.35558881998343,0.252241840921468,TRUE,0.023458044997569,0.0162715452843294,0.355588819983429,-0.0977581590785322,0.0465949187800732,0.0321298318961603
11,"chebyshev",6.35940872870441,0.253126100020865,TRUE,0.027277953718551,0.0171558043837269,0.359408728704411,-0.0968738999791347,0.0525043559964047,0.0362047230931559
12,"reference",5.76503757451327,0.274375076495498,TRUE,0,0,-0.234962425486727,-0.0756249235045022,0,0
12,"spline",5.80834477718472,0.299135230995643,TRUE,0.0433072026714507,0.0247601545001453,-0.191655222815276,-0.0508647690043569,0.1102833892962,0.0850250667607518
12,"chebyshev",5.81107521192895,0.29684202099333,TRUE,0.0460376374156741,0.0224669444978319,-0.188924788071053,-0.0531579790066704,0.0943354843434747,0.0727297275265024
13,"reference",5.43252719195568,0.300644854254296,TRUE,0,0,-0.567472808044324,-0.0493551457457037,0,0
13,"spline",5.47917040527013,0.321797032404913,TRUE,0.0466432133144554,0.0211521781506169,-0.520829594729869,-0.0282029675950868,0.0766830211307905,0.0637338461600138
13,"chebyshev",5.47876468220238,0.323105579388328,TRUE,0.0462374902467042,0.022460725134032,-0.52123531779762,-0.0268944206116716,0.0846227345036823,0.0703328098315078
14,"reference",5.9403922661163,0.440445937017882,TRUE,0,0,-0.0596077338836976,0.0904459370178821,0,0
14,"spline",6.06886974667498,0.44626094309124,TRUE,0.128477480558679,0.00581500607335805,0.0688697466749817,0.0962609430912402,0.0735704293073525,0.0505879590620317
14,"chebyshev",6.07205212356657,0.443768399111673,TRUE,0.131659857450271,0.00332246209379089,0.0720521235665732,0.093768399111673,0.0718077991566872,0.0493759522443082
15,"reference",6.69670363798137,0.342655594949894,TRUE,0,0,0.696703637981372,-0.00734440505010586,0,0
15,"spline",6.8066663787395,0.351823908897274,TRUE,0.109962740758125,0.00916831394737944,0.806666378739497,0.00182390889727357,0.138279546122874,0.0852089017713368
15,"chebyshev",6.80969735885145,0.349071432785098,TRUE,0.112993720870079,0.00641583783520389,0.809697358851451,-0.000928567214901976,0.130597915492416,0.0804754229005517
16,"reference",7.51000657130253,0.20849555821076,FALSE,0,0,1.51000657130253,-0.14150444178924,0,0
16,"spline",7.61062296382699,0.225734434296932,TRUE,0.100616392524459,0.0172388760861715,1.61062296382699,-0.124265565703068,0.0857289763447966,0.047935058060755
16,"chebyshev",7.60931582968852,0.223891468812935,TRUE,0.0993092583859907,0.0153959106021751,1.60931582968852,-0.126108531187065,0.0740559490847374,0.041408125589227
17,"reference",5.8307547806504,0.336244946849057,FALSE,0,0,-0.169245219349598,-0.0137550531509426,0,0
17,"spline",5.87247963792842,0.342253102776428,TRUE,0.0417248572780133,0.00600815592737031,-0.127520362071585,-0.00774689722357225,0.0148298664670961,0.0107522853949528
17,"chebyshev",5.86858885682255,0.344123242306086,TRUE,0.0378340761721452,0.00787829545702889,-0.131411143177453,-0.00587675769391366,0.0177851488163299,0.0128949910836474
18,"reference",5.34992526187421,0.353321977477837,TRUE,0,0,-0.650074738125788,0.0033219774778373,0,0
18,"spline",5.36565505540115,0.356309322891083,TRUE,0.0157297935269387,0.0029873454132453,-0.634344944598849,0.0063093228910826,0.00283730626989609,0.0023864199106476
18,"chebyshev",5.36623256481984,0.357493191113183,TRUE,0.0163073029456244,0.00417121363534584,-0.633767435180164,0.00749319111318314,0.00426681281105346,0.00358875851907137
19,"reference",5.47311675426817,0.440455201915036,TRUE,0,0,-0.526883245731832,0.0904552019150363,0,0
19,"spline",5.484013245346,0.4553655437979,TRUE,0.0108964910778315,0.0149103418828635,-0.515986754654,0.1053655437979,0.0220547274940657,0.0165994245563079
19,"chebyshev",5.48657337937532,0.453893382595909,TRUE,0.0134566251071542,0.0134381806808729,-0.513426620624678,0.103893382595909,0.0189548285525234,0.0142662949075215
20,"reference",7.32365193510552,0.295310907847391,TRUE,0,0,1.32365193510552,-0.054689092152609,0,0
20,"spline",7.42408735190561,0.312129810095384,TRUE,0.10043541680009,0.0168189022479928,1.42408735190561,-0.0378701899046162,0.0709791920959333,0.0408772214037702
20,"chebyshev",7.42394374826667,0.315089429378648,TRUE,0.100291813161155,0.0197785215312574,1.42394374826667,-0.0349105706213517,0.0865236033344274,0.0498293145598655
21,"reference",6.56275012147836,0.409745456618745,TRUE,0,0,0.562750121478356,0.0597454566187455,0,0
21,"spline",6.58357225477465,0.415336737803729,TRUE,0.0208221332962966,0.00559128118498392,0.583572254774652,0.0653367378037294,0.00605587886855119,0.00367530648144309
21,"chebyshev",6.57971186975797,0.411411127910244,TRUE,0.0169617482796145,0.00166567129149842,0.57971186975797,0.0614111279102439,0.00145692271144071,0.00088420485292843
22,"reference",5.08696634593075,0.23994523639622,TRUE,0,0,-0.91303365406925,-0.11005476360378,0,0
22,"spline",5.10614781969676,0.253086106946975,TRUE,0.0191814737660057,0.0131408705507544,-0.893852180303244,-0.0969138930530253,0.0389296959959324,0.0367170926619656
22,"chebyshev",5.10503746376494,0.25058426153761,TRUE,0.018071117834185,0.0106390251413897,-0.894962536235065,-0.09941573846239,0.026180272855072,0.0246922941405876
23,"reference",6.04414882444571,0.324600244833493,TRUE,0,0,0.0441488244457124,-0.0253997551665072,0,0
23,"spline",6.13215628219734,0.335742677738024,TRUE,0.0880074577516314,0.0111424329045309,0.132156282197344,-0.0142573222619763,0.0406306115012853,0.0291121050731036
23,"chebyshev",6.13620388467079,0.33564579401388,TRUE,0.0920550602250758,0.0110455491803869,0.136203884670788,-0.0143542059861203,0.0432887222295335,0.0310166592000888
24,"reference",5.97633220359562,0.446559007868585,TRUE,0,0,-0.0236677964043794,0.0965590078685852,0,0
24,"spline",5.88728267559382,0.449277274207452,TRUE,-0.0890495280017962,0.00271826633886718,-0.112717324406176,0.0992772742074524,0.0298904981563055,0.0201326926652528
24,"chebyshev",5.88717940977552,0.45038097143931,FALSE,-0.0891527938201042,0.00382196357072456,-0.112820590224484,0.10038097143931,0.0300070600215179,0.0202112027053511
25,"reference",5.6688906850237,0.222675861047526,TRUE,0,0,-0.331109314976299,-0.127324138952474,0,0
25,"spline",5.71379030866788,0.28723611484645,TRUE,0.0448996236441817,0.0645602537989237,-0.286209691332117,-0.06276388515355,0.663585304359017,0.546073066104223
25,"chebyshev",5.71265755537892,0.290098709146773,TRUE,0.0437668703552179,0.0674228480992472,-0.287342444621081,-0.0599012908532265,0.719270984168958,0.591897543699134
26,"reference",6.02924339951793,0.360892249893196,TRUE,0,0,0.0292433995179273,0.0108922498931961,0,0
26,"spline",6.05773348709342,0.369756653308224,TRUE,0.0284900875754932,0.00886440341502781,0.0577334870934205,0.019756653308224,0.0159949280732121,0.0108407396494133
26,"chebyshev",6.05555683661067,0.373693986538597,TRUE,0.0263134370927398,0.0128017366454008,0.0555568366106671,0.0236939865385969,0.0277143447512174,0.0187837040983764
27,"reference",5.17099337330116,0.415232067245156,TRUE,0,0,-0.829006626698844,0.0652320672451559,0,0
27,"spline",5.16437239084788,0.434505617135878,TRUE,-0.0066209824532768,0.0192735498907219,-0.83562760915212,0.0845056171358778,0.0419673979793345,0.0348885830245011
27,"chebyshev",5.17969657264622,0.428675439707517,TRUE,0.00870319934506192,0.013443372462361,-0.820303427353782,0.0786754397075169,0.0225581740640877,0.0187531933503148
28,"reference",5.76837355690527,0.336125553506937,TRUE,0,0,-0.231626443094729,-0.0138744464930626,0,0
28,"spline",5.89908906203097,0.372179110752897,TRUE,0.130715505125699,0.03605355724596,-0.10091093796903,0.0221791107528974,0.241807607411744,0.182067201143815
28,"chebyshev",5.88991205739291,0.377501286450771,TRUE,0.121538500487636,0.0413757329438335,-0.110087942607093,0.0275012864507709,0.275525593796033,0.207454902858011
29,"reference",6.81713819943646,0.2851391918731,TRUE,0,0,0.817138199436461,-0.0648608081269003,0,0
29,"spline",6.71424314152788,0.280475270078099,TRUE,-0.102895057908579,-0.00466392179500075,0.714243141527882,-0.0695247299219011,0.0388771321752586,0.0238107070229896
29,"chebyshev",6.69770842975091,0.280280162965997,TRUE,-0.119429769685553,-0.00485902890710294,0.697708429750908,-0.0697198370340033,0.0508472266507454,0.031141916827984
30,"reference",6.06658916424456,0.388573587334982,TRUE,0,0,0.0665891642445562,0.0385735873349822,0,0
30,"spline",6.16948468429229,0.397938923437247,TRUE,0.102895520047733,0.00936533610226514,0.169484684292289,0.0479389234372474,0.0545793260374978,0.0383288668228626
30,"chebyshev",6.17306773365374,0.398575279015446,TRUE,0.106478569409181,0.0100016916804637,0.173067733653737,0.0485752790154459,0.0593075438566188,0.041649304143288
31,"reference",6.41844226188473,0.103344126138348,TRUE,0,0,0.418442261884729,-0.246655873861652,0,0
31,"spline",6.41802372307119,0.122834466142116,TRUE,-0.000418538813542924,0.0194903400037673,0.418023723071186,-0.227165533857884,0.0598907654637912,0.0419386351244021
31,"chebyshev",6.41510022919629,0.13181595848397,TRUE,-0.00334203268843503,0.0284718323456211,0.415100229196294,-0.21818404151603,0.122702014125281,0.08592234478186
32,"reference",8.16243283440132,0.296470624279423,TRUE,0,0,2.16243283440132,-0.0535293757205771,0,0
32,"spline",8.27703241230936,0.336349710904117,TRUE,0.114599577908043,0.0398790866246941,2.27703241230936,-0.0136502890958831,0.344335294935149,0.174135382163622
32,"chebyshev",8.27114222788808,0.337303429622329,TRUE,0.108709393486762,0.0408328053429065,2.27114222788808,-0.0126965703776706,0.351789408348253,0.177905036064847
33,"reference",6.59129097340971,0.331415276294368,TRUE,0,0,0.591290973409708,-0.0185847237056316,0,0
33,"spline",6.59935080500467,0.338168892836612,TRUE,0.00805983159496027,0.00675361654224321,0.599350805004669,-0.0118311071633884,0.00708600944619775,0.00440474037729203
33,"chebyshev",6.60309930961932,0.335568157861693,TRUE,0.0118083362096115,0.00415288156732441,0.60309930961932,-0.0144318421383072,0.00322682762237037,0.00200583107131513
34,"reference",4.75144801796474,0.456690328303308,TRUE,0,0,-1.24855198203526,0.106690328303308,0,0
34,"spline",4.77738009291599,0.474968602737391,TRUE,0.0259320749512462,0.0182782744340828,-1.22261990708401,0.124968602737391,0.0372241767152417,0.0357110957742087
34,"chebyshev",4.77797779859475,0.475483431125802,TRUE,0.0265297806300131,0.0187931028224936,-1.22202220140525,0.125483431125802,0.0392927250451294,0.0376955621624727
35,"reference",5.82675003202351,0.355307679520759,TRUE,0,0,-0.173249967976486,0.00530767952075945,0,0
35,"spline",5.82886518014712,0.362094975858437,TRUE,0.00211514812360747,0.00678729633767794,-0.171134819852878,0.0120949758584374,0.00758439404430078,0.0054922621798652
35,"chebyshev",5.83395318101423,0.362267915213152,TRUE,0.0072031489907145,0.00696023569239235,-0.166046818985771,0.0122679152131518,0.00847272207721517,0.00613554764604638
36,"reference",7.06643246038373,0.411189672182226,TRUE,0,0,1.06643246038373,0.0611896721822262,0,0
36,"spline",7.19765691812976,0.415463594520317,TRUE,0.13122445774603,0.00427392233809049,1.19765691812976,0.0654635945203167,0.0516719138124699,0.0290047885195182
36,"chebyshev",7.15656870438967,0.417245399197814,TRUE,0.0901362440059383,0.00605572701558815,1.15656870438967,0.0672453991978144,0.0269426516665874,0.0151236107990996
37,"reference",5.8727250348919,0.370184798639794,TRUE,0,0,-0.127274965108096,0.0201847986397941,0,0
37,"spline",5.93018531960557,0.38514637185102,TRUE,0.0574602847136676,0.0149615732112263,-0.0698146803944288,0.0351463718510204,0.0443338129974507,0.0321109011123238
37,"chebyshev",5.92908415856025,0.385223319116415,TRUE,0.0563591236683472,0.0150385204766215,-0.0709158414397493,0.0352233191164155,0.0440349360864332,0.0318944251025795
38,"reference",6.54930366841554,0.481900078113815,TRUE,0,0,0.549303668415536,0.131900078113815,0,0
38,"spline",6.30748135316213,0.477820373869412,TRUE,-0.241822315253405,-0.00407970424440229,0.307481353162132,0.127820373869412,0.168603452947849,0.101022321014302
38,"chebyshev",6.30904218347327,0.475402598048478,TRUE,-0.240261484942263,-0.00649748006533646,0.309042183473274,0.125402598048478,0.172835937985923,0.103558303846971
39,"reference",5.85761241782096,0.592454646607433,TRUE,0,0,-0.142387582179035,0.242454646607433,0,0
39,"spline",6.0482423369277,0.619272297778889,TRUE,0.190629919106732,0.0268176511714565,0.0482423369276965,0.26927229777889,0.274304454579152,0.181566672100104
39,"chebyshev",6.04842432142649,0.617319781349864,TRUE,0.190811903605525,0.0248651347424307,0.0484243214264897,0.267319781349864,0.264792263548856,0.175270394949223
40,"reference",5.79031325471903,0.329478392277176,TRUE,0,0,-0.209686745280974,-0.0205216077228238,0,0
40,"spline",5.88799197678879,0.399046324568797,TRUE,0.0976787220697668,0.0695679322916209,-0.112008023211208,0.0490463245687971,0.655707424857752,0.488376967876143
40,"chebyshev",5.88228229773502,0.398411832140886,TRUE,0.0919690430159923,0.0689334398637102,-0.117717702264982,0.0484118321408864,0.638202045580556,0.475338799130725
41,"reference",7.21237608952727,0.283617380174159,TRUE,0,0,1.21237608952727,-0.0663826198258414,0,0
41,"spline",7.26562220801295,0.290854762555454,TRUE,0.0532461184856849,0.00723738238129529,1.26562220801295,-0.0591452374445461,0.0192239918014252,0.0105461472696819
41,"chebyshev",7.26881850184412,0.290970473515319,TRUE,0.0564424123168488,0.00735309334116085,1.26881850184412,-0.0590295264846806,0.0206474915952413,0.0113270692872846
42,"reference",7.07477918423705,0.334074604186382,TRUE,0,0,1.07477918423705,-0.0159253958136181,0,0
42,"spline",7.09140937207765,0.356995585250856,TRUE,0.016630187840601,0.0229209810644739,1.09140937207765,0.00699558525085581,0.0493945292681701,0.0291329562697063
42,"chebyshev",7.09799480186047,0.355957835113309,TRUE,0.0232156176234275,0.0218832309269273,1.09799480186047,0.00595783511330916,0.0468608477094108,0.0276385876595318
43,"reference",6.75213720460949,0.295177981146797,TRUE,0,0,0.752137204609489,-0.0548220188532034,0,0
43,"spline",6.81046419693943,0.296010331458457,TRUE,0.0583269923299436,0.00083235031166079,0.810464196939432,-0.0539896685415426,0.0106669271439159,0.00647588189539292
43,"chebyshev",6.80647683699315,0.29968504520471,TRUE,0.0543396323836607,0.00450706405791335,0.806476836993149,-0.0503149547952901,0.012948223942999,0.00786085513462857
44,"reference",5.42242572788401,0.317621899047351,TRUE,0,0,-0.577574272115985,-0.0323781009526493,0,0
44,"spline",5.3968992685186,0.322109070508288,TRUE,-0.0255264593654125,0.0044871714609368,-0.603100731481398,-0.0278909294917125,0.00489955201393855,0.00393215996063684
44,"chebyshev",5.40073695477107,0.318439580963715,TRUE,-0.0216887731129454,0.000817681916364721,-0.59926304522893,-0.0315604190362845,0.00213756380371422,0.00171551251591163
45,"reference",5.53375042527082,0.523560265741733,FALSE,0,0,-0.466249574729185,0.173560265741733,0,0
45,"spline",5.50640307987667,0.563848245155716,TRUE,-0.027347345394146,0.0402879794139837,-0.493596920123331,0.213848245155716,0.0885847919054754,0.0661425341610245
45,"chebyshev",5.5125602098093,0.560931090431062,TRUE,-0.0211902154615187,0.0373708246893296,-0.487439790190703,0.210931090431062,0.0788717125787741,0.0588901868070836
46,"reference",5.01012502993906,0.373352578643564,TRUE,0,0,-0.989874970060935,0.023352578643564,0,0
46,"spline",4.90264363364166,0.390245720053441,TRUE,-0.107481396297401,0.0168931414098772,-1.09735636635834,0.0402457200534412,0.0777036182938531,0.0702976377510235
46,"chebyshev",4.90690056062875,0.390449426274988,TRUE,-0.103224469310319,0.0170968476314243,-1.09309943937125,0.0404494262749883,0.07370021298388,0.0666757995093765
47,"reference",6.88368652036401,0.315234180703547,TRUE,0,0,0.883686520364014,-0.034765819296453,0,0
47,"spline",6.91777116747649,0.353706202054955,TRUE,0.0340846471124756,0.0384720213514075,0.91777116747649,0.00370620205495453,0.153740172286717,0.0922381266002463
47,"chebyshev",6.91324251498149,0.356393828698567,TRUE,0.0295559946174713,0.0411596479950199,0.913242514981485,0.00639382869856686,0.172424709975616,0.103448122837284
48,"reference",6.81420434219609,0.202905652421403,TRUE,0,0,0.814204342196088,-0.147094347578597,0,0
48,"spline",6.88814035836412,0.251452324090084,TRUE,0.0739360161680311,0.0485466716686809,0.888140358364119,-0.0985476759099157,0.357899233845643,0.226812062996439
48,"chebyshev",6.8923363834212,0.245835585537883,TRUE,0.0781320412251079,0.0429299331164791,0.892336383421195,-0.104164414462117,0.289948841384501,0.183749750373059
49,"reference",5.9863606806141,0.228323552621947,TRUE,0,0,-0.0136393193859039,-0.121676447378053,0,0
49,"spline",5.99367921477095,0.243505023499809,TRUE,0.00731853415685535,0.0151814708778618,-0.00632078522904855,-0.106494976500191,0.0352141462340967,0.0262096661149647
49,"chebyshev",5.99885065788585,0.237185519769903,TRUE,0.0124899772717511,0.00886196714795626,-0.00114934211415285,-0.112814480230097,0.0131643417513203,0.00979813622717654
50,"reference",6.4240663516826,0.358130483538266,TRUE,0,0,0.424066351682598,0.00813048353826579,0,0
50,"spline",6.36131414496156,0.370169069157089,TRUE,-0.0627522067210391,0.0120385856188231,0.361314144961559,0.0201690691570889,0.0312289823218919,0.0203118944391461
50,"chebyshev",6.35743042938929,0.37577323504192,TRUE,-0.0666359222933046,0.0176427515036545,0.357430429389294,0.0257732350419203,0.0546710135177193,0.0355590151483929
