"replicate","method","converged","beta_intercept","beta_intercept_gap_vs_reference","beta_x1","beta_x1_gap_vs_reference","delta","delta_gap_vs_reference","b","b_gap_vs_reference","delta_error_vs_truth","b_error_vs_truth","beta_intercept_error_vs_truth","beta_x1_error_vs_truth","criterion_gap_exact","criterion_gap_exact_pct"
1,"reference",TRUE,-0.197184088985398,0,0.602264317712115,0,6.71325222580336,0,0.319002218659857,0,0.713252225803356,-0.0309977813401426,0.152815911014602,-0.297735682287885,0,0
1,"spline",TRUE,-0.210278612765908,-0.0130945237805104,0.606439488847743,0.00417517113562871,6.71184914482685,-0.0014030809765071,0.376805963438932,0.0578037447790748,0.711849144826849,0.0268059634389322,0.139721387234092,-0.293560511152257,0.471929420870481,0.288426850119903
1,"chebyshev",TRUE,-0.210228846821666,-0.0130447578362685,0.608027555468474,0.00576323775635912,6.71787639932872,0.00462417352536093,0.372953704922785,0.0539514862629276,0.717876399328717,0.0229537049227849,0.139771153178334,-0.291972444531526,0.414519877358629,0.253340133611738
2,"reference",TRUE,-0.37719023920477,0,1.23562580268447,0,5.42902956190589,0,0.390437402572102,0,-0.570970438094106,0.0404374025721017,-0.0271902392047704,0.335625802684472,0,0
2,"spline",TRUE,-0.402181416859429,-0.0249911776546588,1.27992600651708,0.0443002038326052,5.54347661617319,0.114447054267295,0.45600982704918,0.0655724244770781,-0.456523383826811,0.10600982704918,-0.0521814168594292,0.379926006517077,0.586975200654848,0.420915334241776
2,"chebyshev",TRUE,-0.40012169428963,-0.0229314550848592,1.2778446731585,0.0422188704740241,5.5537879080463,0.124758346140404,0.454164302071201,0.0637268994990992,-0.446212091953702,0.104164302071201,-0.0501216942896296,0.377844673158496,0.570726582757146,0.409263577190119
3,"reference",TRUE,-0.520020408722507,0,1.10597746881924,0,5.57380949235775,0,0.372137744453318,0,-0.426190507642246,0.022137744453318,-0.170020408722507,0.205977468819236,0,0
3,"spline",TRUE,-0.521023782864187,-0.00100337414168039,1.10538694087033,-0.00059052794890424,5.58807306847535,0.0142635761175969,0.379216195861452,0.00707845140813423,-0.411926931524649,0.0292161958614522,-0.171023782864187,0.205386940870332,0.00840698064232015,0.00596312066177222
3,"chebyshev",TRUE,-0.520043058767053,-2.26500445466016e-05,1.10564273125085,-0.000334737568386867,5.59496012073965,0.0211506283818998,0.379276416397676,0.00713867194435819,-0.405039879260346,0.0292764163976762,-0.170043058767054,0.205642731250849,0.00973018701907336,0.00690167870308445
4,"reference",TRUE,-0.268099739912072,0,0.963331724740431,0,6.81874259388371,0,0.318272085895019,0,0.818742593883712,-0.0317279141049809,0.0819002600879278,0.0633317247404306,0,0
4,"spline",TRUE,-0.242099150840373,0.0260005890716991,0.922416929341617,-0.0409147953988136,7.00503397678698,0.186291382903272,0.3827841741527,0.0645120882576808,1.00503397678698,0.0327841741526999,0.107900849159627,0.022416929341617,0.573714116481398,0.328664470092035
4,"chebyshev",TRUE,-0.242563190497565,0.0255365494145072,0.92394660830877,-0.0393851164316609,7.00885461048997,0.190112016606262,0.38033293595001,0.0620608500549908,1.00885461048997,0.0303329359500099,0.107436809502435,0.0239466083087697,0.548835601518675,0.31441227775093
5,"reference",TRUE,-0.326685809260782,0,0.757764627764458,0,5.74242761357386,0,0.268867910622648,0,-0.257572386426141,-0.0811320893773519,0.0233141907392179,-0.142235372235542,0,0
5,"spline",TRUE,-0.326540135905856,0.000145673354926268,0.757520127850622,-0.00024449991383646,5.74169074471002,-0.000736868863841167,0.271519757291286,0.00265184666863844,-0.258309255289982,-0.0784802427087135,0.0234598640941441,-0.142479872149378,0.000638354401814922,0.000488165498183732
5,"chebyshev",TRUE,-0.325943129445819,0.000742679814963176,0.755289593526781,-0.00247503423767725,5.73525723317403,-0.00717038039982665,0.281942730401176,0.0130748197785278,-0.264742766825967,-0.0680572695988241,0.024056870554181,-0.144710406473219,0.0154858142068406,0.0118423875288868
6,"reference",TRUE,-0.532156579745687,0,1.06972124725771,0,5.98012919742103,0,0.411827499206818,0,-0.0198708025789722,0.061827499206818,-0.182156579745687,0.169721247257707,0,0
6,"spline",FALSE,-0.545542777299814,-0.0133861975541274,1.08817907668673,0.0184578294290254,5.98227539235661,0.00214619493558654,0.448355436990692,0.0365279377838739,-0.0177246076433857,0.0983554369906919,-0.195542777299814,0.188179076686733,0.166740106586815,0.107587362774481
6,"chebyshev",TRUE,-0.54901074836061,-0.0168541686149236,1.09359025750814,0.0238690102504331,5.98621073831231,0.00608154089128199,0.448975270512523,0.0371477713057052,-0.0137892616876902,0.0989752705125232,-0.19901074836061,0.19359025750814,0.186244785700381,0.12017255916512
7,"reference",TRUE,-0.460820181590879,0,1.0942273785375,0,6.83057514622325,0,0.481473137427513,0,0.830575146223254,0.131473137427513,-0.110820181590879,0.194227378537499,0,0
7,"spline",TRUE,-0.46047487045628,0.000345311134599235,1.09178812211867,-0.00243925641883047,6.86446310326371,0.0338879570404584,0.489593867974475,0.00812073054696155,0.864463103263712,0.139593867974475,-0.11047487045628,0.191788122118668,0.0115396564518733,0.00647509107668997
7,"chebyshev",TRUE,-0.461232199713843,-0.000412018122963709,1.09284838689217,-0.00137899164533017,6.8644881261674,0.0339129799441427,0.490293751671983,0.00882061424447006,0.864488126167396,0.140293751671983,-0.111232199713843,0.192848386892169,0.0126818780812243,0.00711601042386973
8,"reference",TRUE,-0.250117010658896,0,0.728193093289386,0,4.38754547737899,0,0.405087983304145,0,-1.61245452262101,0.0550879833041453,0.0998829893411037,-0.171806906710614,0,0
8,"spline",TRUE,-0.244809462554581,0.00530754810431575,0.688995294493631,-0.0391977987957548,4.27285583102247,-0.114689646356515,0.431391488076512,0.0263035047723664,-1.72714416897753,0.0813914880765116,0.105190537445419,-0.211004705506369,0.212515975869081,0.214320535453189
8,"chebyshev",TRUE,-0.243172869245916,0.00694414141298047,0.693693306625203,-0.0344997866641823,4.33447663615834,-0.0530688412206493,0.428288205926109,0.0232002226219637,-1.66552336384166,0.078288205926109,0.106827130754084,-0.206306693374797,0.113334427653641,0.114296796373429
9,"reference",TRUE,-0.473799883425447,0,1.18659794849227,0,5.84041190543748,0,0.354306343058312,0,-0.159588094562516,0.00430634305831162,-0.123799883425447,0.286597948492271,0,0
9,"spline",TRUE,-0.468349585295977,0.00545029812947012,1.1696741629664,-0.0169237855258664,5.90525616483367,0.0648442593961844,0.358155590816105,0.00384924775779349,-0.0947438351663319,0.00815559081610512,-0.118349585295977,0.269674162966404,0.0399375631743624,0.0267010781866039
9,"chebyshev",TRUE,-0.468616801386275,0.00518308203917245,1.17085707764522,-0.0157408708470501,5.90824543969179,0.0678335342543033,0.360621053671311,0.0063147106129996,-0.0917545603082131,0.0106210536713112,-0.118616801386275,0.270857077645221,0.044039632558821,0.0294436009309965
10,"reference",TRUE,-0.388091574213175,0,0.896103962838192,0,6.31014415900847,0,0.378238930643516,0,0.310144159008471,0.028238930643516,-0.0380915742131754,-0.00389603716180842,0,0
10,"spline",TRUE,-0.379606990685024,0.00848458352815107,0.861851336249502,-0.0342526265886893,6.30190573358997,-0.00823842541849729,0.393433099618173,0.0151941689746572,0.301905733589974,0.0434330996181732,-0.0296069906850243,-0.0381486637504977,0.0862574272900076,0.055509253552474
10,"chebyshev",TRUE,-0.381404914106843,0.00668666010633256,0.863994758786499,-0.0321092040516923,6.30110156243526,-0.00904259657321216,0.394111453705018,0.0158725230615024,0.301101562435259,0.0441114537050184,-0.0314049141068428,-0.0360052412135007,0.0862858858369577,0.0555275674849435
11,"reference",FALSE,-0.247958651621936,0,0.977964109025579,0,6.99997109695443,0,0.256687241564292,0,0.999971096954429,-0.0933127584357077,0.102041348378064,0.0779641090255794,0,0
11,"spline",TRUE,-0.25195823630975,-0.00399958468781331,0.994620616260391,0.0166565072348116,6.94182713678945,-0.0581439601649771,0.269404456296535,0.012717214732243,0.941827136789452,-0.0805955437034648,0.0980417636902504,0.094620616260391,0.0124083842191283,0.00680314773237838
11,"chebyshev",TRUE,-0.251868364535756,-0.00390971291381986,0.994581321981787,0.0166172129562078,6.9387879810779,-0.0611831158765286,0.268521354083305,0.011834112519013,0.9387879810779,-0.0814786459166948,0.0981316354642439,0.0945813219817871,0.00846172605545803,0.00463931253333165
12,"reference",TRUE,-0.248308236907597,0,0.799470633877567,0,6.12346098666797,0,0.237024625133327,0,0.123460986667969,-0.112975374866673,0.101691763092403,-0.100529366122433,0,0
12,"spline",TRUE,-0.247723795844214,0.000584441063382818,0.79754741581961,-0.00192321805795637,6.1579870291533,0.0345260424853322,0.252394714043917,0.0153700889105899,0.157987029153301,-0.0976052859560829,0.102276204155786,-0.10245258418039,0.0421891965106624,0.0287310702180966
12,"chebyshev",TRUE,-0.247075489740093,0.00123274716750368,0.795587930738488,-0.0038827031390789,6.15527211027571,0.0318111236077439,0.257032254330673,0.0200076291973454,0.155272110275713,-0.0929677456693274,0.102924510259907,-0.104412069261512,0.0657318553757023,0.0447637477970878
13,"reference",TRUE,-0.384384461865718,0,0.878551755540235,0,6.74687769949791,0,0.343001937483295,0,0.746877699497908,-0.00699806251670521,-0.0343844618657179,-0.0214482444597649,0,0
13,"spline",TRUE,-0.380054244959139,0.00433021690657898,0.869846885319871,-0.00870487022036426,6.81459152922984,0.0677138297319271,0.352370139869254,0.00936820238595876,0.814591529229835,0.00237013986925355,-0.0300542449591389,-0.0301531146801292,0.0486854917554922,0.0275916631685971
13,"chebyshev",TRUE,-0.380686880993149,0.00369758087256844,0.870243939434239,-0.00830781610599562,6.81262181807363,0.0657441185757248,0.355650976944391,0.0126490394610961,0.812621818073633,0.00565097694439087,-0.0306868809931495,-0.0297560605657605,0.0512555955464506,0.0290482251863867
14,"reference",TRUE,-0.39975335380766,0,1.30076318847654,0,6.98250930849706,0,0.365244235206758,0,0.98250930849706,0.0152442352067582,-0.0497533538076597,0.400763188476535,0,0
14,"spline",TRUE,-0.40252959869393,-0.00277624488626987,1.30099748841399,0.000234299937455384,6.96651463392663,-0.0159946745704342,0.367924684643996,0.00268044943723827,0.966514633926626,0.0179246846439964,-0.0525295986939295,0.400997488413991,0.00380068698856917,0.0019930175917004
14,"chebyshev",TRUE,-0.40332639332643,-0.00357303951876992,1.30145858477427,0.000695396297736961,6.959010416227,-0.0234988922700561,0.368185158801928,0.00294092359516995,0.959010416227004,0.0181851588019281,-0.0533263933264296,0.401458584774272,0.00568052994410095,0.00297877624303816
15,"reference",TRUE,-0.748111066775355,0,1.22905746817063,0,7.59071574948003,0,0.204257071818044,0,1.59071574948003,-0.145742928181956,-0.398111066775355,0.329057468170629,0,0
15,"spline",TRUE,-0.746538964610916,0.00157210216443926,1.2270559215533,-0.00200154661732665,7.62275361010051,0.0320378606204823,0.223943860597856,0.0196867887798116,1.62275361010051,-0.126056139402144,-0.396538964610916,0.327055921553303,0.0618011068301882,0.0324386647306145
15,"chebyshev",TRUE,-0.74675531755747,0.00135574921788484,1.2263214606619,-0.00273600750872838,7.62192026405777,0.0312045145777375,0.230018528709073,0.0257614568910287,1.62192026405777,-0.119981471290927,-0.396755317557471,0.326321460661901,0.0980083660698767,0.0514434237637808
16,"reference",TRUE,-0.500741739885835,0,1.250914665833,0,5.92653092229691,0,0.443409210788643,0,-0.0734690777030904,0.0934092107886428,-0.150741739885835,0.350914665832998,0,0
16,"spline",FALSE,-0.516681053343504,-0.0159393134576686,1.24157188502316,-0.00934278080984186,5.86420374020971,-0.062327182087202,0.470092839619412,0.026683628830769,-0.135796259790292,0.120092839619412,-0.166681053343504,0.341571885023156,-0.0142963493363197,0.00883500632165439
16,"chebyshev",TRUE,-0.513463659869706,-0.0127219199838704,1.23692322125922,-0.0139914445737803,5.86328022890242,-0.063250693394485,0.46713166583051,0.0237224550418676,-0.136719771097575,0.11713166583051,-0.163463659869706,0.336923221259218,-0.0263314560919241,0.0162725864874817
17,"reference",TRUE,-0.203771927981009,0,0.366312453901766,0,7.92670991281842,0,0.304092446764763,0,1.92670991281842,-0.0459075532352365,0.146228072018991,-0.533687546098234,0,0
17,"spline",TRUE,-0.20444434813161,-0.000672420150601122,0.361873472181247,-0.00443898172051871,7.88685161060435,-0.0398583022140713,0.30574476632883,0.00165231956406664,1.88685161060435,-0.0442552336711698,0.14555565186839,-0.538126527818753,0.00746197256833625,0.00383405674654522
17,"chebyshev",TRUE,-0.203723186112258,4.8741868750285e-05,0.36140440137366,-0.00490805252810572,7.89187537707247,-0.034834535745949,0.303486390798036,-0.00060605596672797,1.89187537707247,-0.0465136092019645,0.146276813887742,-0.53859559862634,0.00586966375252018,0.00301590815353528
18,"reference",FALSE,-0.139397865105346,0,1.05403401692144,0,6.55874316057668,0,0.340405067827291,0,0.558743160576683,-0.00959493217270885,0.210602134894654,0.154034016921439,0,0
18,"spline",TRUE,-0.146245488157645,-0.00684762305229905,1.06658953457835,0.0125555176569072,6.47789708186425,-0.0808460787124341,0.347571262549249,0.00716619472195795,0.477897081864249,-0.0024287374507509,0.203754511842355,0.166589534578347,0.0264582012052585,0.0147108033273106
18,"chebyshev",TRUE,-0.146521415156192,-0.00712355005084542,1.06692530480271,0.012891287881269,6.47798325609214,-0.0807599044845464,0.34536224327481,0.00495717544751884,0.477983256092137,-0.00463775672519001,0.203478584843808,0.166925304802709,0.0255094896195658,0.0141833181274213
19,"reference",FALSE,-0.330311776845286,0,0.808113464506574,0,5.70611601713175,0,0.342258353783567,0,-0.293883982868252,-0.00774164621643314,0.0196882231547141,-0.0918865354934265,0,0
19,"spline",TRUE,-0.322584286722252,0.00772749012303336,0.798818698835564,-0.00929476567100918,5.89554202012032,0.189426002988575,0.363313392476999,0.0210550386934321,-0.104457979879677,0.013313392476999,0.0274157132777475,-0.101181301164436,-0.0296260729799371,0.0206423656163954
19,"chebyshev",TRUE,-0.325938234735208,0.00437354211007773,0.80368121395442,-0.00443225055215302,5.88966454821854,0.183548531086788,0.363902238183776,0.0216438844002088,-0.110335451781464,0.0139022381837757,0.0240617652647919,-0.0963187860455795,-0.0165854255933198,0.0115561188022685
20,"reference",TRUE,-0.286195368007193,0,0.775135963253336,0,5.44131104719976,0,0.378675750857071,0,-0.558688952800239,0.0286757508570705,0.0638046319928074,-0.124864036746664,0,0
20,"spline",TRUE,-0.288360760328124,-0.00216539232093094,0.780465526309949,0.00532956305661325,5.49570183823449,0.0543907910347334,0.388687177285362,0.0100114264282911,-0.504298161765505,0.0386871772853616,0.0616392396718765,-0.119534473690051,0.0308898623425762,0.0236217326272518
20,"chebyshev",TRUE,-0.288146055898567,-0.00195068789137448,0.780289974522687,0.00515401126935111,5.49781364548028,0.0565025982805221,0.385223802266094,0.00654805140902381,-0.502186354519717,0.0352238022660943,0.0618539441014329,-0.119710025477313,0.0236802278194546,0.0181084656156779
21,"reference",TRUE,-0.286720856426299,0,1.14149207961404,0,6.8413229513479,0,0.301109491331309,0,0.841322951347897,-0.0488905086686905,0.0632791435737015,0.24149207961404,0,0
21,"spline",TRUE,-0.290514843094165,-0.00379398666786679,1.13542109315415,-0.00607098645988779,6.85268863493022,0.0113656835823193,0.316022687890167,0.0149131965588571,0.852688634930217,-0.0339773121098334,0.0594851569058347,0.235421093154152,0.0487886123926273,0.026970941319666
21,"chebyshev",TRUE,-0.290717937327258,-0.00399708090095918,1.13567897709988,-0.00581310251415768,6.85385737279969,0.012534421451794,0.31774294509059,0.0166334537592803,0.853857372799691,-0.0322570549094102,0.0592820626727423,0.235678977099883,0.0564300844421837,0.0311952404775489
22,"reference",TRUE,-0.435612880409171,0,0.770742404903442,0,4.52061650935713,0,0.453445756971967,0,-1.47938349064287,0.103445756971967,-0.0856128804091706,-0.129257595096558,0,0
22,"spline",FALSE,-0.478814695239,-0.0432018148298296,0.769782900450829,-0.000959504452612836,4.20065291314989,-0.319963596207235,0.4714701368819,0.0180243799099332,-1.79934708685011,0.121470136881901,-0.128814695239,-0.130217099549171,0.915005893207876,0.832720713900192
22,"chebyshev",TRUE,-0.477913908044725,-0.0423010276355544,0.770255023935294,-0.000487380968148599,4.19578431969978,-0.324832189657348,0.460745715637599,0.00729995866563193,-1.80421568030022,0.110745715637599,-0.127913908044725,-0.129744976064706,0.94587256023766,0.860811585440537
23,"reference",TRUE,-0.0178175447252525,0,0.619127846651166,0,6.14425934577729,0,0.27521254102603,0,0.144259345777289,-0.0747874589739698,0.332182455274747,-0.280872153348834,0,0
23,"spline",TRUE,-0.0197525304006398,-0.00193498567538726,0.610708452040042,-0.00841939461112384,6.12437966429786,-0.0198796814794324,0.27882878054002,0.00361623951398971,0.124379664297857,-0.0711712194599801,0.33024746959936,-0.289291547959958,0.0175580700028206,0.0114317500033287
23,"chebyshev",TRUE,-0.0199527641162545,-0.00213521939100197,0.609928518988446,-0.00919932766272025,6.12325417663836,-0.0210051691389328,0.280977739383457,0.00576519835742678,0.123254176638357,-0.069022260616543,0.330047235883745,-0.290071481011554,0.0238062006672806,0.0154997977860726
24,"reference",FALSE,-0.37653157846229,0,1.13939949101359,0,6.54632224366965,0,0.309422614996245,0,0.546322243669652,-0.0405773850037548,-0.0265315784622897,0.239399491013595,0,0
24,"spline",TRUE,-0.372202974734332,0.00432860372795774,1.13188318143808,-0.00751630957551641,6.59343393775295,0.047111694083295,0.320084657252852,0.0106620422566065,0.593433937752947,-0.0299153427471483,-0.0222029747343319,0.231883181438078,0.342136659969498,0.199171674712075
24,"chebyshev",TRUE,-0.371238908525575,0.00529266993671429,1.13017892920763,-0.00922056180596775,6.59153640250298,0.0452141588333284,0.319224177254896,0.00980156225865114,0.591536402502981,-0.0307758227451037,-0.0212389085255754,0.230178929207627,0.337761137101495,0.196624504767063
25,"reference",TRUE,-0.253221397929491,0,0.73351699924252,0,6.72018754601102,0,0.304735705918057,0,0.72018754601102,-0.0452642940819434,0.0967786020705087,-0.16648300075748,0,0
25,"spline",TRUE,-0.25271147693444,0.000509920995050928,0.736602368105085,0.00308536886256561,6.67027489354775,-0.0499126524632656,0.310231151551932,0.00549544563387527,0.670274893547754,-0.0397688484480681,0.0972885230655596,-0.163397631894915,0.013740191521407,0.00810334349287706
25,"chebyshev",TRUE,-0.255286110419357,-0.00206471248986601,0.737203457318742,0.0036864580762227,6.64994405011732,-0.0702434958937026,0.316016525556415,0.011280819638358,0.649944050117317,-0.0339834744435853,0.0947138895806427,-0.162796542681258,0.031741712322173,0.0187198262555453
26,"reference",TRUE,-0.251197941543689,0,0.705409839270073,0,6.93518606339098,0,0.281582139196981,0,0.935186063390981,-0.0684178608030189,0.0988020584563107,-0.194590160729927,0,0
26,"spline",TRUE,-0.254050714088301,-0.00285277254461203,0.705653982000803,0.000244142730729813,6.9866647963254,0.0514787329344184,0.304551324591537,0.0229691853945557,0.9866647963254,-0.0454486754084631,0.0959492859116987,-0.194346017999197,0.0665983218479482,0.0393660908289549
26,"chebyshev",TRUE,-0.253455673131629,-0.0022577315879394,0.704164417482388,-0.00124542178768483,6.98088144401063,0.045695380619649,0.30861479956195,0.0270326603649688,0.98088144401063,-0.0413852004380501,0.0965443268683713,-0.195835582517612,0.0889195596610364,0.0525601151043849
27,"reference",TRUE,-0.642450291664367,0,1.18090021644581,0,6.06899702854194,0,0.277555626410512,0,0.0689970285419399,-0.0724443735894878,-0.292450291664367,0.280900216445815,0,0
27,"spline",TRUE,-0.621223575786785,0.0212267158775817,1.15075608375288,-0.0301441326929359,6.18166469519948,0.112667666657544,0.304332247516947,0.0267766211064349,0.181664695199484,-0.0456677524830529,-0.271223575786785,0.250756083752879,0.217524973702723,0.146159123990242
27,"chebyshev",TRUE,-0.62093739963202,0.0215128920323472,1.14959592060758,-0.0313042958382379,6.1780248023122,0.109027773770265,0.307209793601222,0.0296541671907095,0.178024802312205,-0.0427902063987783,-0.27093739963202,0.249595920607577,0.2400967278694,0.161325510450461
28,"reference",FALSE,-0.339221644450294,0,0.820165996897883,0,6.52807770071312,0,0.209470889078371,0,0.528077700713124,-0.140529110921629,0.0107783555497062,-0.0798340031021172,0,0
28,"spline",TRUE,-0.371692522737864,-0.0324708782875703,0.8909313858748,0.0707653889769173,6.69011320507769,0.162035504364566,0.210180811554855,0.000709922476483937,0.69011320507769,-0.139819188445145,-0.0216925227378641,-0.00906861412519988,-0.1395722974043,0.088791778887026
28,"chebyshev",TRUE,-0.371559402724322,-0.0323377582740283,0.890963040254587,0.0707970433567041,6.6934653365668,0.165387635853677,0.203600975497983,-0.00586991358038794,0.693465336566801,-0.146399024502017,-0.0215594027243221,-0.00903695974541308,-0.160058449488417,0.101824464598503
29,"reference",TRUE,-0.371694945967694,0,0.990348015357274,0,6.77601096782532,0,0.465932185131229,0,0.776010967825321,0.115932185131229,-0.0216949459676938,0.090348015357274,0,0
29,"spline",TRUE,-0.381402826620168,-0.0097078806524743,1.00321784679182,0.0128698314345413,7.07382746019032,0.297816492365003,0.505729267160563,0.0397970820293346,1.07382746019032,0.155729267160563,-0.0314028266201681,0.103217846791815,0.481405820951011,0.259588452604656
29,"chebyshev",TRUE,-0.38072245333059,-0.00902750736289659,1.00279443552304,0.0124464201657676,7.0775965854827,0.301585617657381,0.509528746144943,0.0435965610137147,1.0775965854827,0.159528746144943,-0.0307224533305904,0.102794435523042,0.521656448675486,0.281292797904681
30,"reference",TRUE,-0.508542640341814,0,1.12869748750317,0,6.14954895588679,0,0.457124533500284,0,0.14954895588679,0.107124533500285,-0.158542640341814,0.228697487503169,0,0
30,"spline",TRUE,-0.527900788874446,-0.0193581485326323,1.15954670022113,0.0308492127179605,6.16959227817918,0.0200433222923886,0.457601314118688,0.000476780618403394,0.169592278179179,0.107601314118688,-0.177900788874446,0.25954670022113,-0.00673069627200107,0.00407392275348727
30,"chebyshev",TRUE,-0.528692224742701,-0.020149584400887,1.16005309918712,0.0313556116839502,6.16847504649144,0.0189260906046531,0.454985737529372,-0.00213879597091254,0.168475046491444,0.104985737529372,-0.178692224742701,0.26005309918712,-0.00403345529113608,0.00244134999139511
31,"reference",TRUE,-0.41351324794352,0,0.837070048935127,0,5.03704633256026,0,0.445011960593558,0,-0.962953667439735,0.0950119605935582,-0.06351324794352,-0.062929951064873,0,0
31,"spline",TRUE,-0.42212426727208,-0.0086110193285599,0.855879419306362,0.0188093703712346,5.106127721652,0.0690813890917354,0.470058171997339,0.0250462114037808,-0.893872278348,0.120058171997339,-0.0721242672720799,-0.0441205806936383,0.122128134288076,0.0988342753706212
31,"chebyshev",TRUE,-0.423035108294777,-0.00952186035125729,0.85513395929247,0.0180639103573431,5.09513071578313,0.0580843832228606,0.471572198296429,0.0265602377028704,-0.904869284216875,0.121572198296429,-0.0730351082947773,-0.0448660407075299,0.11896520449605,0.0962746204977671
32,"reference",TRUE,-0.154256604872149,0,0.696311474345287,0,6.38701841409629,0,0.356745956743961,0,0.387018414096287,0.00674595674396145,0.195743395127851,-0.203688525654713,0,0
32,"spline",TRUE,-0.149521137358624,0.00473546751352527,0.666973798868331,-0.0293376754769562,6.40164118169279,0.0146227675965038,0.371989284021576,0.0152433272776142,0.401641181692791,0.0219892840215756,0.200478862641376,-0.233026201131669,-0.0120566521825083,0.00743048939829887
32,"chebyshev",TRUE,-0.149967306135581,0.00428929873656847,0.665872735979963,-0.0304387383653241,6.39514670329373,0.00812828919744746,0.37560738036591,0.0188614236219483,0.395146703293735,0.0256073803659097,0.200032693864419,-0.234127264020037,0.0124898580299657,0.00769747325153497
33,"reference",TRUE,-0.411421078602009,0,1.10256674799236,0,6.06878502459577,0,0.175449189204414,0,0.0687850245957673,-0.174550810795586,-0.061421078602009,0.202566747992361,0,0
33,"spline",TRUE,-0.412036030876269,-0.000614952274259783,1.100565720713,-0.00200102727936224,6.06064790784298,-0.00813711675278306,0.180060935832316,0.0046117466279017,0.0606479078429842,-0.169939064167684,-0.0620360308762688,0.200565720712999,-0.0444906432252594,0.0298198598278229
33,"chebyshev",TRUE,-0.41308531810766,-0.00166423950565053,1.10129805448478,-0.00126869350758052,6.05577531911853,-0.0130097054772342,0.180610634419391,0.00516144521497677,0.0557753191185331,-0.169389365580609,-0.0630853181076595,0.201298054484781,-0.0427395164899735,0.0286461668892292
34,"reference",TRUE,-0.396923161232519,0,1.06274597304959,0,5.22617631290236,0,0.267985461566443,0,-0.773823687097643,-0.0820145384335572,-0.0469231612325186,0.162745973049593,0,0
34,"spline",TRUE,-0.397739167779704,-0.000816006547185166,1.06063359139456,-0.00211238165503036,5.19393169528194,-0.0322446176204174,0.286971443930936,0.0189859823644932,-0.80606830471806,-0.063028556069064,-0.0477391677797038,0.160633591394563,0.0543280894091396,0.0428685942615112
34,"chebyshev",TRUE,-0.397742490532271,-0.000819329299752647,1.06063065853226,-0.00211531451733249,5.19183467855688,-0.0343416343454761,0.288199678408317,0.020214216841874,-0.808165321443119,-0.0618003215916832,-0.0477424905322713,0.16063065853226,0.0614134939022222,0.048459465092716
35,"reference",TRUE,-0.355670229921394,0,0.921520095551084,0,6.45189468474798,0,0.392849110011012,0,0.451894684747977,0.0428491100110122,-0.00567022992139404,0.0215200955510837,0,0
35,"spline",TRUE,-0.366541228787512,-0.0108709988661181,0.919018980217335,-0.00250111533374842,6.47488120136706,0.0229865166190795,0.405825758592863,0.0129766485818506,0.474881201367056,0.0558257585928628,-0.0165412287875122,0.0190189802173353,0.0764086081089772,0.0440876132406081
35,"chebyshev",TRUE,-0.367292473863566,-0.011622243942172,0.921481462476063,-3.86330750210551e-05,6.47929685632,0.0274021715720227,0.408815346964818,0.015966236953806,0.47929685632,0.0588153469648182,-0.0172924738635661,0.0214814624760626,0.0848403567262324,0.048952715238663
36,"reference",TRUE,-0.172490685297421,0,0.69615431119895,0,7.25133865375698,0,0.210693356702844,0,1.25133865375698,-0.139306643297156,0.177509314702579,-0.20384568880105,0,0
36,"spline",TRUE,-0.176180850193375,-0.00369016489595445,0.704643858354106,0.00848954715515582,7.35435177050821,0.10301311675123,0.238528801999123,0.0278354452962783,1.35435177050821,-0.111471198000877,0.173819149806625,-0.195356141645894,0.18377206153059,0.103418286564574
36,"chebyshev",TRUE,-0.175974469498916,-0.00348378420149495,0.705522036093496,0.00936772489454585,7.35555527744911,0.104216623692127,0.23772054226526,0.0270271855624158,1.35555527744911,-0.11227945773474,0.174025530501084,-0.194477963906504,0.177897219465052,0.100112201324004
37,"reference",TRUE,-0.101007937857818,0,0.547488506830838,0,6.85877918584481,0,0.253650325537301,0,0.858779185844808,-0.0963496744626988,0.248992062142182,-0.352511493169162,0,0
37,"spline",TRUE,-0.111398370743267,-0.0103904328854485,0.571177484555683,0.0236889777248454,7.00443077195069,0.145651586105878,0.288749913604232,0.0350995880669304,1.00443077195069,-0.0612500863957683,0.238601629256733,-0.328822515444317,0.312320687854708,0.188289071191453
37,"chebyshev",TRUE,-0.111776722339719,-0.0107687844819008,0.571703097383155,0.0242145905523165,6.99653828194866,0.137759096103856,0.289802343372519,0.0361520178352176,0.996538281948665,-0.0601976566274812,0.238223277660281,-0.328296902616846,0.318714881477916,0.19214394480422
38,"reference",TRUE,-0.736466434678416,0,1.274017066902,0,5.90350655374836,0,0.36336872354041,0,-0.0964934462516371,0.0133687235404096,-0.386466434678416,0.374017066902002,0,0
38,"spline",TRUE,-0.738427478891886,-0.00196104421347032,1.26462913945398,-0.00938792744802197,5.89262096472337,-0.0108855890249915,0.387995851867577,0.0246271283271679,-0.107379035276629,0.0379958518675775,-0.388427478891886,0.36462913945398,0.0851853050431259,0.0561129590502501
38,"chebyshev",TRUE,-0.737760715071741,-0.00129428039332591,1.26429042635414,-0.00972664054786465,5.89931108475882,-0.0041954689895416,0.382833033839499,0.0194643102990897,-0.100688915241179,0.0328330338394993,-0.387760715071741,0.364290426354137,0.0583997755466328,0.0384688909916211
39,"reference",TRUE,-0.290772406366543,0,0.818660576470937,0,7.4762739137933,0,0.625549080590212,0,1.4762739137933,0.275549080590212,0.0592275936334569,-0.0813394235290632,0,0
39,"spline",TRUE,-0.291407809199548,-0.000635402833005005,0.817014794123471,-0.00164578234746604,7.55068064243487,0.0744067286415655,0.625619962378416,7.08817882046908e-05,1.55068064243487,0.275619962378416,0.0585921908004519,-0.0829852058765292,0.0112478851293361,0.00543557497461923
39,"chebyshev",TRUE,-0.291033971270626,-0.000261564904083189,0.816532047105295,-0.00212852936564134,7.55121437067421,0.0749404568809044,0.624086471654223,-0.00146260893598837,1.55121437067421,0.274086471654223,0.0589660287293737,-0.0834679528947045,0.0103598911739766,0.00500644917311402
40,"reference",TRUE,-0.36068403162649,0,0.981847687821473,0,6.58308588354205,0,0.269602404748203,0,0.583085883542048,-0.0803975952517975,-0.0106840316264899,0.0818476878214727,0,0
40,"spline",TRUE,-0.358101393549088,0.00258263807740228,0.997730210466815,0.0158825226453425,6.43602210768325,-0.1470637758588,0.267875907526061,-0.00172649722214158,0.436022107683248,-0.082124092473939,-0.00810139354908762,0.0977302104668152,0.138905716853088,0.0837669227464124
40,"chebyshev",TRUE,-0.357417492805548,0.00326653882094219,0.996845950642874,0.0149982628214008,6.4348434110577,-0.14824247248435,0.270552803152701,0.00095039840449862,0.434843411057698,-0.0794471968472988,-0.00741749280554771,0.0968459506428735,0.140339175559632,0.0846313682670974
41,"reference",FALSE,-0.397663046428422,0,1.13351005207799,0,5.65159181515461,0,0.382707650474612,0,-0.348408184845387,0.0327076504746125,-0.047663046428422,0.233510052077986,0,0
41,"spline",TRUE,-0.414061502326737,-0.0163984558983153,1.16204916103766,0.0285391089596752,6.08687320287664,0.435281387722027,0.384956884089793,0.00224923361518042,0.0868732028766397,0.0349568840897929,-0.0640615023267373,0.262049161037661,-0.918440639527773,0.534139708944416
41,"chebyshev",TRUE,-0.41436252210295,-0.0166994756745286,1.16506456292168,0.0315545108436976,6.10509902723801,0.453507212083395,0.378878954650043,-0.00382869582456929,0.105099027238008,0.0288789546500432,-0.0643625221029505,0.265064562921684,-0.934375851676663,0.543407188205299
42,"reference",TRUE,-0.707376450003085,0,1.14508972085212,0,5.62556082325965,0,0.36094139006584,0,-0.374439176740348,0.0109413900658396,-0.357376450003085,0.245089720852122,0,0
42,"spline",TRUE,-0.728569762985908,-0.0211933129828228,1.157257500117,0.0121677792648767,5.50460084461943,-0.12095997864022,0.374118472794933,0.0131770827290938,-0.495399155380569,0.0241184727949334,-0.378569762985908,0.257257500116998,0.101261653847615,0.0707392269419978
42,"chebyshev",TRUE,-0.728403091976093,-0.021026641973008,1.15678948437273,0.0116997635206062,5.50360422596893,-0.121956597290717,0.372464968568454,0.011523578502614,-0.496395774031066,0.0224649685684536,-0.378403091976093,0.256789484372728,0.100157103694102,0.0699676118141647
43,"reference",TRUE,-0.0348449404693172,0,0.647270037280896,0,8.23650102925462,0,0.100062127934325,0,2.23650102925462,-0.249937872065675,0.315155059530683,-0.252729962719104,0,0
43,"spline",TRUE,-0.0351165933955548,-0.000271652926237619,0.648369503360218,0.00109946607932154,8.25360268148914,0.0171016522345226,0.111178111334726,0.0111159834004005,2.25360268148914,-0.238821888665274,0.314883406604445,-0.251630496639782,0.0246511029312728,0.0123931770906645
43,"chebyshev",TRUE,-0.034976566412872,-0.000131625943554772,0.64657420296495,-0.000695834315946331,8.24297859449264,0.00647756523801668,0.116063889102102,0.0160017611677761,2.24297859449264,-0.233936110897898,0.315023433587128,-0.25342579703505,0.0503876469152544,0.0253320524093233
44,"reference",FALSE,-0.22933234650991,0,0.868642228905864,0,5.68763865544273,0,0.435718084600181,0,-0.312361344557273,0.0857180846001814,0.12066765349009,-0.0313577710941363,0,0
44,"spline",TRUE,-0.23643931241395,-0.0071069659040402,0.87353826025458,0.00489603134871663,5.74598472960847,0.0583460741657476,0.437834194112933,0.0021161095127521,-0.254015270391526,0.0878341941129335,0.11356068758605,-0.0264617397454197,0.167334491965534,0.109870441058811
44,"chebyshev",TRUE,-0.236184014439255,-0.00685166792934574,0.872380143738383,0.0037379148325194,5.74022614847944,0.0525874930367092,0.436508211788704,0.000790127188522838,-0.259773851520564,0.0865082117887042,0.113815985560745,-0.0276198562616169,0.170989787170299,0.112270477606151
45,"reference",TRUE,-0.171566569750935,0,0.602624862059249,0,5.38778793177862,0,0.120642711244649,0,-0.612212068221385,-0.229357288755351,0.178433430249065,-0.297375137940751,0,0
45,"spline",TRUE,-0.172209194728306,-0.000642624977371026,0.602804879915521,0.000180017856271975,5.38997723160428,0.00218929982566074,0.127898161074509,0.00725544982985937,-0.610022768395724,-0.222101838925491,0.177790805271694,-0.297195120084479,0.0139848064186481,0.0118923993371926
45,"chebyshev",TRUE,-0.172722042078963,-0.00115547232802815,0.602956634390562,0.000331772331312985,5.38882023673348,0.00103230495486351,0.131970066167265,0.0113273549226154,-0.611179763266521,-0.218029933832735,0.177277957921037,-0.297043365609438,0.0333627297422225,0.0283709972949128
46,"reference",TRUE,-0.483065738249067,0,0.91776460433028,0,5.97918630028679,0,0.484546699995038,0,-0.0208136997132149,0.134546699995038,-0.133065738249067,0.0177646043302799,0,0
46,"spline",TRUE,-0.498283700591556,-0.0152179623424888,0.91480161001522,-0.00296299431506031,5.92114365756261,-0.0580426427241756,0.522002918948833,0.0374562189537941,-0.0788563424373905,0.172002918948833,-0.148283700591556,0.0148016100152196,0.143694500008195,0.0915840764287607
46,"chebyshev",TRUE,-0.498097055784498,-0.0150313175354307,0.914825126826989,-0.00293947750329104,5.92264335226852,-0.0565429480182686,0.520929485376492,0.036382785381454,-0.0773566477314835,0.170929485376492,-0.148097055784498,0.0148251268269889,0.136251879112876,0.0868405019644057
47,"reference",TRUE,-0.423568865637171,0,1.1160491555971,0,5.93495412335473,0,0.182401702560342,0,-0.0650458766452653,-0.167598297439658,-0.0735688656371708,0.216049155597103,0,0
47,"spline",TRUE,-0.427410997311093,-0.00384213167392211,1.1246033842378,0.00855422864069566,5.96826251247002,0.0333083891152874,0.218893621725673,0.0364919191653306,-0.0317374875299778,-0.131106378274327,-0.0774109973110929,0.224603384237799,0.138571175355622,0.0967007853345077
47,"chebyshev",TRUE,-0.427386197706882,-0.00381733206971074,1.12462751950615,0.00857836390904887,5.96843201397158,0.033477890616842,0.216032064567769,0.0336303620074269,-0.0315679860284233,-0.133967935432231,-0.0773861977068815,0.224627519506152,0.119346193990481,0.0832847860021832
48,"reference",TRUE,-0.371942643661849,0,1.0017264344135,0,7.24386931843999,0,0.441325316789956,0,1.24386931843999,0.0913253167899558,-0.0219426436618486,0.101726434413501,0,0
48,"spline",TRUE,-0.363744059097265,0.00819858456458317,0.989905296188365,-0.0118211382251363,7.26562815286818,0.0217588344281854,0.473071610527284,0.031746293737328,1.26562815286818,0.123071610527284,-0.0137440590972654,0.0899052961883652,0.0909233589998735,0.0479981479478741
48,"chebyshev",TRUE,-0.364212174899363,0.00773046876248518,0.991227015294464,-0.0104994191190378,7.27500996833939,0.0311406498993989,0.46688677631557,0.0255614595256144,1.27500996833939,0.11688677631557,-0.0142121748993634,0.0912270152944636,0.0654354723071151,0.0345431747725059
49,"reference",TRUE,-0.318813148018297,0,0.826457809107043,0,6.15607783773086,0,0.284363734145823,0,0.15607783773086,-0.0656362658541774,0.0311868519817026,-0.0735421908929574,0,0
49,"spline",TRUE,-0.315687992388936,0.00312515562936144,0.818912414291902,-0.00754539481514083,6.17645336967842,0.020375531947562,0.292001794849103,0.00763806070328005,0.176453369678422,-0.0579982051508974,0.0343120076110641,-0.0810875857080983,0.0140089775042043,0.00926204816352529
49,"chebyshev",TRUE,-0.314931709461718,0.00388143855657963,0.818403575341066,-0.00805423376597636,6.17891279178228,0.0228349540514206,0.291822934306431,0.00745920016060836,0.17891279178228,-0.0581770656935691,0.0350682905382823,-0.0815964246589338,0.0142727900872899,0.00943646809174273
50,"reference",TRUE,-0.305927932367048,0,0.723793591028425,0,5.15750694461108,0,0.356861755912257,0,-0.842493055388921,0.00686175591225707,0.0440720676329524,-0.176206408971575,0,0
50,"spline",TRUE,-0.302089906793542,0.00383802557350532,0.714986094228378,-0.00880749680004667,5.16700473599413,0.00949779138305207,0.3560010385701,-0.000860717342156925,-0.832995264005869,0.00600103857010015,0.0479100932064577,-0.185013905771622,0.00439831554005821,0.00366634256595681
50,"chebyshev",TRUE,-0.302574242544011,0.00335368982303652,0.714856351706948,-0.00893723932147716,5.16353883076051,0.00603188614942685,0.35870392992401,0.00184217401175307,-0.836461169239494,0.00870392992401015,0.0474257574559889,-0.185143648293052,0.00624396843203101,0.00520483967881552
